mp-id,Weyl points?,Space Group Number
mp-680676,1,1
mp-774736,0,1
mp-680679,0,1
mp-608311,1,1
mp-559391,1,4
mp-28348,1,4
mp-30532,1,4
mp-21097,1,4
mp-558102,1,4
mp-861938,1,4
mp-861866,1,4
mp-559043,1,4
mp-29187,1,4
mp-12012,1,4
mp-867328,1,4
mp-556806,1,4
mp-29198,1,4
mp-557728,1,4
mp-11634,1,4
mp-13538,1,4
mp-567318,0,4
mp-23535,1,4
mp-12011,1,4
mp-555191,1,4
mp-18661,1,4
mp-16773,1,4
mp-867334,1,4
mp-861606,1,4
mp-546285,1,5
mp-549720,1,5
mp-11131,1,5
mp-759876,1,5
mp-643708,0,6
mp-13923,0,7
mp-8184,0,7
mp-31243,0,7
mp-6402,0,7
mp-673245,1,7
mp-753460,0,7
mp-3926,0,7
mp-560847,0,7
mp-674465,0,7
mp-568986,0,7
mp-27181,0,7
mp-555186,0,7
mp-6406,0,7
mp-34081,0,7
mp-570370,0,7
mp-570756,0,8
mp-675941,1,8
mp-753048,1,8
mp-754668,0,8
mp-28456,1,8
mp-755132,0,8
mp-27821,0,8
mp-29815,0,9
mp-29246,0,9
mp-16839,0,9
mp-542200,0,9
mp-640614,0,9
mp-5151,0,9
mp-28922,0,9
mp-30126,0,9
mp-17791,1,9
mp-558407,0,9
mp-28261,0,9
mp-14659,0,9
mp-539,0,9
mp-18163,0,9
mp-674531,0,9
mp-560386,0,9
mp-570957,1,9
mp-2804,0,9
mp-505607,0,9
mp-17948,0,9
mp-685991,1,9
mp-18179,0,9
mp-554627,1,9
mp-15895,0,9
mp-972120,0,10
mp-37498,0,10
mp-674328,0,10
mp-754540,0,10
mp-569613,0,11
mp-505747,0,11
mp-24124,0,11
mp-10555,0,11
mp-9853,0,11
mp-569812,0,11
mp-556066,0,11
mp-634657,0,11
mp-643749,0,11
mp-976713,0,11
mp-634676,0,11
mp-867219,0,11
mp-24428,0,11
mp-28327,0,11
mp-989645,0,11
mp-558195,0,11
mp-6989,0,11
mp-29376,0,11
mp-567373,0,11
mp-28967,0,11
mp-9922,0,11
mp-11114,0,11
mp-29345,0,11
mp-568987,0,11
mp-697181,0,11
mp-570803,0,11
mp-9921,0,11
mp-28490,0,11
mp-619510,0,11
mp-866310,0,11
mp-579536,0,11
mp-11902,0,11
mp-14447,0,11
mp-545482,0,11
mp-29849,0,11
mp-10556,0,11
mp-561179,0,11
mp-24589,0,11
mp-6075,0,11
mp-755705,0,11
mp-13282,0,11
mp-28347,0,11
mp-760510,0,11
mp-755393,0,11
mp-571260,0,11
mp-697144,0,11
mp-11115,0,11
mp-558826,0,11
mp-570301,0,11
mp-4541,0,12
mp-28671,0,12
mp-11691,0,12
mp-754745,0,12
mp-28034,0,12
mp-28879,0,12
mp-7693,0,12
mp-559766,0,12
mp-27927,0,12
mp-541785,0,12
mp-571409,0,12
mp-10804,0,12
mp-30291,0,12
mp-7808,0,12
mp-560977,0,12
mp-542180,0,12
mp-542812,0,12
mp-754047,0,12
mp-27871,0,12
mp-557232,0,12
mp-27770,0,12
mp-549737,0,12
mp-975605,0,12
mp-558831,0,12
mp-867371,0,12
mp-23127,0,12
mp-22945,0,12
mp-556475,0,12
mp-733604,0,12
mp-10408,0,12
mp-768240,0,12
mp-568758,0,12
mp-7219,0,12
mp-567655,0,12
mp-13744,0,12
mp-760400,0,12
mp-551092,0,12
mp-886,0,12
mp-553874,0,12
mp-672339,0,12
mp-569675,0,12
mp-13541,0,12
mp-560569,0,12
mp-28051,0,12
mp-13743,0,12
mp-27397,0,12
mp-559025,0,12
mp-9548,0,12
mp-14333,0,12
mp-560555,0,12
mp-8253,0,12
mp-567219,0,12
mp-567371,0,12
mp-552191,0,12
mp-14434,0,12
mp-12803,0,12
mp-1863,0,12
mp-22303,0,12
mp-5061,0,12
mp-4647,0,12
mp-861513,0,12
mp-770932,0,12
mp-14435,0,12
mp-760483,0,12
mp-10985,0,12
mp-656662,0,12
mp-570961,0,12
mp-27194,0,12
mp-754326,0,12
mp-10935,0,12
mp-28712,0,12
mp-989643,0,12
mp-567836,0,12
mp-27666,0,12
mp-28580,0,12
mp-6660,0,12
mp-27678,0,12
mp-684969,0,12
mp-9868,0,12
mp-568388,0,12
mp-7657,0,12
mp-27716,0,12
mp-554921,0,12
mp-29027,0,12
mp-779287,0,12
mp-867712,0,12
mp-569623,0,12
mp-644418,0,12
mp-643364,0,12
mp-569766,0,12
mp-753946,0,13
mp-771238,0,13
mp-12263,0,13
mp-28038,0,13
mp-753809,0,13
mp-778364,0,13
mp-570887,0,13
mp-9576,0,13
mp-771981,0,13
mp-571235,0,13
mp-22329,0,14
mp-772811,0,14
mp-18197,0,14
mp-14552,0,14
mp-7800,0,14
mp-27697,0,14
mp-31104,0,14
mp-560051,0,14
mp-30996,0,14
mp-8195,0,14
mp-29463,0,14
mp-11007,0,14
mp-11793,0,14
mp-755530,0,14
mp-10814,0,14
mp-1392,0,14
mp-642817,0,14
mp-755980,0,14
mp-12450,0,14
mp-18411,0,14
mp-10155,0,14
mp-3831,0,14
mp-12181,0,14
mp-6604,0,14
mp-559571,0,14
mp-20199,0,14
mp-8200,0,14
mp-17512,0,14
mp-9726,0,14
mp-866651,0,14
mp-12448,0,14
mp-12449,0,14
mp-17817,0,14
mp-7943,0,14
mp-10495,0,14
mp-555269,0,14
mp-11189,0,14
mp-4988,0,14
mp-756202,0,14
mp-16930,0,14
mp-643460,0,14
mp-5818,0,14
mp-18504,0,14
mp-5045,0,14
mp-8194,0,14
mp-568044,0,14
mp-28126,0,14
mp-31045,0,14
mp-10552,0,14
mp-7198,0,14
mp-756241,0,14
mp-561639,0,14
mp-568543,0,14
mp-558039,0,14
mp-28809,0,14
mp-28326,0,14
mp-3622,0,14
mp-866688,0,14
mp-30975,0,14
mp-28630,0,14
mp-5081,0,14
mp-6389,0,14
mp-18471,0,14
mp-31276,0,14
mp-867615,0,14
mp-12337,0,14
mp-557540,0,14
mp-558731,0,14
mp-573145,0,14
mp-17291,0,14
mp-559617,0,14
mp-28278,0,14
mp-554950,0,14
mp-28319,0,14
mp-768941,0,14
mp-768735,0,14
mp-5929,0,14
mp-558538,0,14
mp-6109,0,14
mp-11792,0,14
mp-30971,0,14
mp-29297,0,14
mp-866615,0,14
mp-9588,0,14
mp-624200,0,14
mp-554420,0,14
mp-28570,0,14
mp-27741,0,14
mp-7944,0,14
mp-630528,0,14
mp-11643,0,14
mp-558724,0,14
mp-2969,0,14
mp-581864,0,14
mp-972216,0,14
mp-23093,0,14
mp-27164,0,14
mp-3739,0,14
mp-28982,0,14
mp-560645,0,14
mp-7904,0,14
mp-542085,0,14
mp-766217,0,14
mp-556156,0,14
mp-29139,0,14
mp-29469,0,14
mp-909,0,14
mp-22355,0,14
mp-16795,0,14
mp-11006,0,14
mp-541897,0,14
mp-557698,0,14
mp-17282,0,14
mp-559820,0,14
mp-10620,0,14
mp-652046,0,14
mp-554343,0,14
mp-622086,0,14
mp-11790,0,14
mp-759686,0,14
mp-540923,0,14
mp-27180,0,14
mp-574040,0,14
mp-849527,0,14
mp-561190,0,14
mp-542512,0,14
mp-541687,0,14
mp-29236,0,14
mp-18139,0,14
mp-653561,0,14
mp-9788,0,14
mp-14551,0,14
mp-1247,0,14
mp-623030,0,14
mp-556237,0,14
mp-555871,0,14
mp-3193,0,14
mp-10288,0,14
mp-23100,0,14
mp-865980,0,14
mp-30990,0,14
mp-3855,0,14
mp-29566,0,14
mp-29977,0,14
mp-29080,0,14
mp-18112,0,14
mp-4172,0,14
mp-11982,0,14
mp-698205,0,14
mp-27688,0,14
mp-28805,0,14
mp-29602,0,14
mp-540940,0,14
mp-541378,0,14
mp-556999,0,14
mp-20222,0,14
mp-17504,0,14
mp-540696,0,14
mp-756725,0,14
mp-554584,0,14
mp-27904,0,14
mp-9789,0,14
mp-30222,0,14
mp-557457,0,14
mp-574138,0,14
mp-570505,0,14
mp-7596,0,14
mp-601867,0,14
mp-18217,0,14
mp-5367,0,14
mp-570948,0,14
mp-541001,0,14
mp-541236,0,14
mp-9047,0,14
mp-556695,0,14
mp-18351,0,14
mp-561072,0,14
mp-972112,0,14
mp-16989,0,14
mp-29387,0,14
mp-768422,0,14
mp-554263,0,14
mp-27628,0,14
mp-568493,0,14
mp-753257,0,14
mp-29284,0,14
mp-18315,0,14
mp-17956,0,14
mp-555414,0,14
mp-18510,0,14
mp-624190,0,14
mp-989614,0,14
mp-16861,0,14
mp-20316,0,14
mp-504630,0,14
mp-16605,0,14
mp-570080,0,14
mp-510283,0,14
mp-555022,0,14
mp-541686,0,14
mp-18378,0,14
mp-769287,0,14
mp-568522,0,14
mp-12984,0,14
mp-28745,0,14
mp-28860,0,14
mp-752405,0,14
mp-5416,0,14
mp-24413,0,14
mp-16684,0,14
mp-540939,0,14
mp-18317,0,14
mp-757407,0,14
mp-13568,0,14
mp-541619,0,14
mp-18483,0,14
mp-540619,0,14
mp-12878,0,14
mp-3397,0,14
mp-554351,0,14
mp-1536,0,14
mp-29567,0,14
mp-9635,0,14
mp-12451,0,14
mp-29808,0,14
mp-567967,0,14
mp-6300,0,14
mp-28983,0,14
mp-557012,0,14
mp-558941,0,14
mp-18165,0,14
mp-6637,0,14
mp-17288,0,14
mp-22999,0,14
mp-6899,0,14
mp-770408,0,14
mp-4165,0,14
mp-5279,0,14
mp-696528,0,14
mp-15649,0,14
mp-541722,0,14
mp-18464,0,14
mp-10349,0,14
mp-29657,0,14
mp-762240,0,14
mp-9680,0,14
mp-677055,0,14
mp-200,0,14
mp-2911,0,14
mp-28568,0,14
mp-560370,0,14
mp-560848,0,14
mp-384,0,14
mp-11008,0,14
mp-559957,0,14
mp-22665,0,14
mp-927,0,14
mp-753748,0,14
mp-569129,0,14
mp-756919,0,14
mp-6758,0,14
mp-3416,0,14
mp-31037,0,14
mp-4068,0,14
mp-4180,0,14
mp-561511,0,14
mp-558241,0,14
mp-28532,0,14
mp-29234,0,14
mp-14285,0,14
mp-27747,0,14
mp-541875,0,14
mp-8947,0,14
mp-10487,0,14
mp-5737,0,14
mp-752730,0,14
mp-17470,0,14
mp-560623,0,14
mp-4841,0,14
mp-31487,0,14
mp-636675,0,14
mp-560476,0,14
mp-643392,0,14
mp-23705,0,14
mp-20009,0,14
mp-28220,0,15
mp-9718,0,15
mp-5004,0,15
mp-16184,0,15
mp-9664,0,15
mp-23395,0,15
mp-17552,0,15
mp-760778,0,15
mp-582161,0,15
mp-560356,0,15
mp-561126,0,15
mp-8678,0,15
mp-27577,0,15
mp-555087,0,15
mp-18100,0,15
mp-561620,0,15
mp-29396,0,15
mp-570553,0,15
mp-17012,0,15
mp-30239,0,15
mp-4351,0,15
mp-7593,0,15
mp-768383,0,15
mp-684690,0,15
mp-558629,0,15
mp-3615,0,15
mp-27331,0,15
mp-557910,0,15
mp-977298,0,15
mp-29244,0,15
mp-3054,0,15
mp-554395,0,15
mp-31033,0,15
mp-756251,0,15
mp-6078,0,15
mp-6678,0,15
mp-569059,0,15
mp-30292,0,15
mp-560830,0,15
mp-25301,0,15
mp-9675,0,15
mp-570536,0,15
mp-24090,0,15
mp-556679,0,15
mp-28079,0,15
mp-27231,0,15
mp-558259,0,15
mp-569442,0,15
mp-560493,0,15
mp-3978,0,15
mp-11692,0,15
mp-16969,0,15
mp-11709,0,15
mp-7594,0,15
mp-28579,0,15
mp-9665,0,15
mp-570340,0,15
mp-27482,0,15
mp-29598,0,15
mp-555983,0,15
mp-756400,0,15
mp-6124,0,15
mp-5477,0,15
mp-17914,0,15
mp-28158,0,15
mp-554641,0,15
mp-568484,0,15
mp-28368,0,15
mp-769971,0,15
mp-555082,0,15
mp-643346,0,15
mp-23966,0,15
mp-561536,0,15
mp-11677,0,15
mp-644431,0,15
mp-768388,0,15
mp-28371,0,15
mp-606510,0,15
mp-23720,0,15
mp-14395,0,15
mp-23421,0,15
mp-8957,0,15
mp-16961,0,15
mp-23090,0,15
mp-11183,0,15
mp-573677,0,15
mp-6766,0,15
mp-28899,0,15
mp-542637,0,15
mp-3788,0,15
mp-755043,0,15
mp-16183,0,15
mp-9322,0,15
mp-27752,0,15
mp-29901,0,15
mp-28875,0,15
mp-568036,0,15
mp-697331,0,15
mp-555852,0,15
mp-684,0,15
mp-7499,0,15
mp-776084,0,15
mp-561467,0,15
mp-558985,0,15
mp-7547,0,15
mp-573658,0,15
mp-756564,0,15
mp-9720,0,15
mp-6873,0,15
mp-8966,0,15
mp-776074,0,15
mp-17464,0,15
mp-554826,0,15
mp-557450,0,15
mp-31303,0,15
mp-573581,0,15
mp-557104,0,15
mp-6822,0,15
mp-3700,0,15
mp-8965,0,15
mp-560853,0,15
mp-6440,0,15
mp-4426,0,15
mp-571490,0,15
mp-673833,0,15
mp-754199,0,15
mp-675562,0,15
mp-28900,0,15
mp-28266,0,15
mp-486,0,15
mp-28136,0,15
mp-696806,0,15
mp-770409,0,15
mp-607806,0,15
mp-6526,0,15
mp-9843,0,15
mp-553884,0,15
mp-9751,0,15
mp-571162,0,15
mp-29976,0,15
mp-28351,0,15
mp-779511,0,15
mp-30100,0,15
mp-29245,0,15
mp-675800,0,15
mp-621612,0,15
mp-561095,0,15
mp-28744,0,15
mp-555527,0,15
mp-570258,0,15
mp-7074,0,15
mp-27148,0,15
mp-556296,1,18
mp-780172,1,19
mp-559826,1,19
mp-18105,1,19
mp-772900,1,19
mp-17691,1,19
mp-713,1,19
mp-774557,1,19
mp-24018,1,19
mp-561635,1,19
mp-18585,1,19
mp-28108,1,19
mp-568450,1,19
mp-24402,1,19
mp-12454,0,19
mp-27451,1,19
mp-12955,1,19
mp-556979,1,19
mp-541281,1,19
mp-17095,1,19
mp-752526,1,19
mp-31318,1,19
mp-7444,1,19
mp-781712,1,19
mp-10802,1,19
mp-697146,1,19
mp-620372,1,19
mp-18365,1,19
mp-12843,1,19
mp-768313,1,19
mp-18003,1,19
mp-510279,1,19
mp-567873,1,19
mp-16911,1,19
mp-985293,1,19
mp-10533,0,19
mp-32684,1,19
mp-4044,1,19
mp-554390,1,19
mp-16972,1,19
mp-17066,1,19
mp-23380,1,19
mp-983589,1,19
mp-27931,1,19
mp-768762,1,19
mp-555044,0,19
mp-554120,1,19
mp-16934,1,19
mp-541280,1,19
mp-560611,1,19
mp-568328,1,20
mp-560398,1,20
mp-555203,1,20
mp-756591,1,20
mp-555318,1,20
mp-27411,0,26
mp-28007,0,26
mp-569051,0,29
mp-18625,1,29
mp-20817,1,29
mp-6955,1,29
mp-554856,1,29
mp-4627,1,29
mp-9270,1,29
mp-17945,1,29
mp-9197,0,31
mp-755642,0,31
mp-6356,0,31
mp-6449,0,31
mp-9711,0,31
mp-756044,0,31
mp-510346,0,31
mp-13725,0,31
mp-12023,0,31
mp-13872,0,31
mp-554105,0,31
mp-977414,0,31
mp-9066,0,31
mp-756316,0,31
mp-8258,0,31
mp-18440,0,31
mp-3934,0,31
mp-7688,0,31
mp-772788,1,33
mp-21459,1,33
mp-644097,1,33
mp-2979,1,33
mp-402,1,33
mp-20205,1,33
mp-972448,1,33
mp-14280,1,33
mp-17885,1,33
mp-11582,1,33
mp-556892,1,33
mp-7117,1,33
mp-558807,1,33
mp-772813,1,33
mp-17964,1,33
mp-555076,1,33
mp-230,1,33
mp-20310,1,33
mp-862754,1,33
mp-771248,1,33
mp-9212,1,33
mp-3647,1,33
mp-3677,1,33
mp-867286,1,33
mp-753520,1,33
mp-28471,1,33
mp-2412,1,33
mp-3338,1,33
mp-7798,1,33
mp-5854,1,33
mp-28558,1,33
mp-558085,1,33
mp-505322,1,33
mp-554383,1,33
mp-22889,1,33
mp-6057,1,33
mp-8673,0,34
mp-757375,1,35
mp-754401,1,36
mp-13703,1,36
mp-21521,1,36
mp-7447,1,36
mp-753798,1,36
mp-10246,1,36
mp-625136,1,36
mp-31113,1,36
mp-626785,1,36
mp-4187,1,36
mp-4533,1,36
mp-21489,1,36
mp-19885,1,36
mp-558907,1,36
mp-7449,1,36
mp-5012,1,36
mp-554722,1,36
mp-5853,1,36
mp-14588,1,36
mp-31115,1,36
mp-8973,1,36
mp-7670,1,36
mp-768573,1,36
mp-556866,1,36
mp-865143,1,36
mp-5784,1,36
mp-28035,1,36
mp-7667,1,36
mp-867203,1,36
mp-864638,1,36
mp-7290,1,36
mp-2798,1,36
mp-14433,1,36
mp-11773,1,36
mp-756156,1,36
mp-15349,1,36
mp-31110,1,36
mp-626620,1,36
mp-3933,1,36
mp-9781,1,36
mp-754979,1,36
mp-643009,1,36
mp-31112,1,36
mp-31114,1,36
mp-10223,1,36
mp-9248,1,36
mp-756294,1,37
mp-569450,0,38
mp-553278,0,38
mp-4412,0,38
mp-30192,1,38
mp-550117,0,38
mp-20496,0,40
mp-30294,1,40
mp-16179,0,40
mp-989603,0,40
mp-12364,0,40
mp-11925,0,40
mp-30293,0,40
mp-555954,0,40
mp-753153,0,40
mp-989617,0,40
mp-6599,0,40
mp-6013,0,40
mp-6376,0,40
mp-568854,0,40
mp-685150,1,41
mp-17792,0,41
mp-675286,1,42
mp-558728,1,42
mp-780656,1,43
mp-675531,1,43
mp-27253,0,43
mp-15339,1,43
mp-14289,0,43
mp-14288,0,43
mp-29761,1,44
mp-638070,1,44
mp-752573,1,46
mp-10444,1,46
mp-20546,1,46
mp-27418,0,47
mp-30107,0,51
mp-9008,0,51
mp-573755,0,51
mp-582146,0,51
mp-754658,0,52
mp-567398,0,52
mp-27522,0,52
mp-4995,0,52
mp-17133,0,52
mp-28384,0,52
mp-772910,0,52
mp-16945,0,52
mp-17129,0,52
mp-23373,0,52
mp-18297,0,52
mp-29249,0,52
mp-29312,0,52
mp-531523,0,53
mp-569052,0,53
mp-570431,0,53
mp-28741,0,53
mp-558536,0,54
mp-29920,0,55
mp-28658,0,55
mp-23426,0,55
mp-4747,0,55
mp-558332,0,55
mp-554191,0,55
mp-18010,0,55
mp-28657,0,55
mp-978553,0,55
mp-558188,0,55
mp-560046,0,55
mp-755597,0,55
mp-20944,0,55
mp-504898,0,55
mp-21137,0,55
mp-755950,0,55
mp-4425,0,55
mp-4279,0,55
mp-29212,0,55
mp-556872,0,55
mp-560616,0,55
mp-8360,0,55
mp-752413,0,55
mp-669528,0,56
mp-17913,0,57
mp-17633,0,57
mp-18466,0,57
mp-18584,0,57
mp-768342,0,57
mp-571582,0,57
mp-560595,0,57
mp-18542,0,57
mp-6055,0,57
mp-17750,0,57
mp-628647,0,57
mp-5611,0,57
mp-3311,0,57
mp-18099,0,57
mp-18219,0,57
mp-29792,0,57
mp-18610,0,57
mp-17834,0,57
mp-28853,0,57
mp-5560,0,58
mp-22882,0,58
mp-555495,0,58
mp-27449,0,58
mp-20027,0,58
mp-1413,0,58
mp-2455,0,58
mp-28584,0,58
mp-22888,0,58
mp-28324,0,58
mp-555018,0,58
mp-557467,0,58
mp-755072,0,58
mp-1522,0,58
mp-559067,0,58
mp-19795,0,58
mp-2319,0,58
mp-5005,0,58
mp-766,0,58
mp-4753,0,58
mp-23214,0,58
mp-1285,0,58
mp-550172,0,58
mp-3838,0,59
mp-27702,0,59
mp-28458,0,59
mp-27703,0,59
mp-17830,0,59
mp-29898,0,59
mp-766173,0,59
mp-571020,0,59
mp-8872,0,59
mp-570157,0,59
mp-17112,0,59
mp-8840,0,59
mp-7535,0,59
mp-28994,0,59
mp-27850,0,59
mp-568346,0,59
mp-18500,0,59
mp-8263,0,59
mp-510341,0,59
mp-756624,0,60
mp-29107,0,60
mp-28874,0,60
mp-3417,0,60
mp-28970,0,60
mp-8892,0,60
mp-1716,0,60
mp-27742,0,60
mp-754885,0,60
mp-3123,0,60
mp-1666,0,60
mp-556814,0,60
mp-27537,0,60
mp-23711,0,60
mp-23522,0,60
mp-7280,0,60
mp-753737,0,60
mp-3552,0,60
mp-29432,0,60
mp-756798,0,60
mp-755802,0,60
mp-555487,0,60
mp-12221,0,60
mp-28364,0,60
mp-568293,0,60
mp-772049,0,60
mp-571232,0,60
mp-29001,0,60
mp-8898,0,60
mp-780396,0,60
mp-23181,0,61
mp-505121,0,61
mp-568441,0,61
mp-23220,0,61
mp-775757,0,61
mp-776404,0,61
mp-10368,0,61
mp-1858,0,61
mp-776890,0,61
mp-17854,0,62
mp-569531,0,62
mp-643385,0,62
mp-619279,0,62
mp-643036,0,62
mp-17597,0,62
mp-15179,0,62
mp-1509,0,62
mp-567983,0,62
mp-17361,0,62
mp-23199,0,62
mp-560670,0,62
mp-569967,0,62
mp-21390,0,62
mp-5926,0,62
mp-24216,0,62
mp-780387,0,62
mp-29862,0,62
mp-559756,0,62
mp-17057,0,62
mp-23700,0,62
mp-4967,0,62
mp-605821,0,62
mp-5014,0,62
mp-3372,0,62
mp-776470,0,62
mp-18148,0,62
mp-11623,0,62
mp-1270,0,62
mp-29395,0,62
mp-568796,0,62
mp-5970,0,62
mp-17090,0,62
mp-6250,0,62
mp-31121,0,62
mp-556075,0,62
mp-556125,0,62
mp-5013,0,62
mp-12271,0,62
mp-18445,0,62
mp-8725,0,62
mp-18334,0,62
mp-756290,0,62
mp-985782,0,62
mp-9475,0,62
mp-16905,0,62
mp-18531,0,62
mp-9323,0,62
mp-28270,0,62
mp-3792,0,62
mp-7756,0,62
mp-6812,0,62
mp-756281,0,62
mp-18612,0,62
mp-4192,0,62
mp-7137,0,62
mp-17273,0,62
mp-4434,0,62
mp-541430,0,62
mp-23442,0,62
mp-18327,0,62
mp-17154,0,62
mp-12453,0,62
mp-6121,0,62
mp-753826,0,62
mp-3075,0,62
mp-861504,0,62
mp-438,0,62
mp-505222,0,62
mp-29454,0,62
mp-11347,0,62
mp-4019,0,62
mp-561437,0,62
mp-4582,0,62
mp-505721,0,62
mp-27199,0,62
mp-567391,0,62
mp-16870,0,62
mp-17978,0,62
mp-31120,0,62
mp-755574,0,62
mp-18629,0,62
mp-3318,0,62
mp-17501,0,62
mp-23713,0,62
mp-9607,0,62
mp-17660,0,62
mp-27865,0,62
mp-691,0,62
mp-16264,0,62
mp-2139,0,62
mp-17872,0,62
mp-13374,0,62
mp-3795,0,62
mp-3164,0,62
mp-755213,0,62
mp-620346,0,62
mp-770936,0,62
mp-570590,0,62
mp-18660,0,62
mp-10234,0,62
mp-984052,0,62
mp-1403,0,62
mp-4473,0,62
mp-9628,0,62
mp-505284,0,62
mp-9228,0,62
mp-567714,0,62
mp-23517,0,62
mp-572291,0,62
mp-753160,0,62
mp-561877,0,62
mp-6244,0,62
mp-5874,0,62
mp-12455,0,62
mp-558362,0,62
mp-29476,0,62
mp-557807,0,62
mp-558160,0,62
mp-23714,0,62
mp-555904,0,62
mp-570646,0,62
mp-643727,0,62
mp-9186,0,62
mp-30249,0,62
mp-16919,0,62
mp-27252,0,62
mp-754225,0,62
mp-16848,0,62
mp-7792,0,62
mp-17832,0,62
mp-864603,0,62
mp-16904,0,62
mp-18042,0,62
mp-22147,0,62
mp-28276,0,62
mp-4535,0,62
mp-17394,0,62
mp-18101,0,62
mp-27400,0,62
mp-3822,0,62
mp-3719,0,62
mp-505362,0,62
mp-976349,0,62
mp-23730,0,62
mp-9371,0,62
mp-6493,0,62
mp-31275,0,62
mp-27354,0,62
mp-23390,0,62
mp-2231,0,62
mp-17730,0,62
mp-866306,0,62
mp-3317,0,62
mp-2878,0,62
mp-3529,0,62
mp-17612,0,62
mp-21872,0,62
mp-571440,0,62
mp-17324,0,62
mp-28829,0,62
mp-4959,0,62
mp-17989,0,62
mp-20331,0,62
mp-697575,0,62
mp-17908,0,62
mp-504539,0,62
mp-17980,0,62
mp-12457,0,62
mp-16818,0,62
mp-559385,0,62
mp-541694,0,62
mp-18199,0,62
mp-697084,0,62
mp-3051,0,62
mp-17697,0,62
mp-23399,0,62
mp-18309,0,62
mp-567629,0,62
mp-18138,0,62
mp-554903,0,62
mp-23715,0,62
mp-29238,0,62
mp-17063,0,62
mp-8376,0,62
mp-28275,0,62
mp-6712,0,62
mp-30949,0,62
mp-5838,0,62
mp-17638,0,62
mp-29483,0,62
mp-28695,0,62
mp-5704,0,62
mp-9625,0,62
mp-558170,0,62
mp-540881,0,62
mp-17186,0,62
mp-707218,0,62
mp-540688,0,62
mp-980666,0,62
mp-28218,0,62
mp-7951,0,62
mp-3102,0,62
mp-4160,0,62
mp-754578,0,62
mp-17678,0,62
mp-540703,0,62
mp-2242,0,62
mp-8754,0,62
mp-17412,0,62
mp-865865,0,62
mp-7205,0,62
mp-641010,0,62
mp-16863,0,62
mp-696983,0,62
mp-569427,0,62
mp-755612,0,62
mp-18008,0,62
mp-17441,0,62
mp-625404,0,62
mp-17715,0,62
mp-569943,0,62
mp-4056,0,62
mp-540578,0,62
mp-756205,0,62
mp-17928,0,62
mp-29936,0,62
mp-17927,0,62
mp-18305,0,62
mp-23041,0,62
mp-28219,0,62
mp-616461,0,62
mp-6456,0,62
mp-8850,0,62
mp-752579,0,62
mp-556978,0,62
mp-3797,0,62
mp-17891,0,62
mp-1508,0,62
mp-569952,0,62
mp-5614,0,62
mp-778924,0,62
mp-23740,0,62
mp-571418,0,62
mp-505001,0,62
mp-27456,0,62
mp-1146,0,62
mp-29035,0,62
mp-5637,0,62
mp-20244,0,62
mp-3196,0,62
mp-559186,0,62
mp-18258,0,62
mp-7084,0,62
mp-3952,0,62
mp-1244,0,62
mp-17769,0,62
mp-754853,0,62
mp-4438,0,62
mp-31119,0,62
mp-17487,0,62
mp-18335,0,62
mp-2632,0,62
mp-17220,0,62
mp-27899,0,62
mp-22630,0,62
mp-20489,0,62
mp-766540,0,62
mp-614572,0,62
mp-695998,0,62
mp-17275,0,62
mp-28545,0,62
mp-504948,0,62
mp-568284,0,62
mp-772833,0,62
mp-8755,0,62
mp-608106,0,62
mp-30133,0,62
mp-28595,0,62
mp-755363,0,62
mp-675601,0,62
mp-5587,0,62
mp-771031,0,62
mp-754414,0,62
mp-4387,0,62
mp-542826,0,62
mp-3872,0,62
mp-540805,0,62
mp-277,0,62
mp-862729,0,62
mp-22997,0,62
mp-28877,0,62
mp-770379,0,62
mp-562442,0,62
mp-770771,0,62
mp-754410,0,62
mp-2416,0,62
mp-754140,0,62
mp-4934,0,62
mp-755405,0,62
mp-5692,0,62
mp-17363,0,62
mp-30528,0,62
mp-779156,0,62
mp-17153,0,62
mp-31117,0,62
mp-6280,0,62
mp-2892,0,62
mp-18383,0,62
mp-7475,0,62
mp-23416,0,62
mp-31313,0,62
mp-752410,0,62
mp-18642,0,62
mp-24266,0,62
mp-560445,0,62
mp-4471,0,62
mp-18556,0,62
mp-18084,0,62
mp-17088,0,62
mp-653559,0,62
mp-754599,0,62
mp-569764,0,62
mp-27499,0,62
mp-29605,0,62
mp-558760,0,62
mp-8956,0,62
mp-28608,0,62
mp-616327,0,62
mp-18513,0,62
mp-570623,0,62
mp-755759,0,62
mp-1477,0,62
mp-22569,0,62
mp-849371,0,62
mp-28277,0,62
mp-6501,0,62
mp-23632,0,62
mp-6643,0,62
mp-18177,0,62
mp-755428,0,62
mp-2955,0,62
mp-752437,0,62
mp-16927,0,62
mp-768865,0,62
mp-8216,0,62
mp-7238,0,62
mp-29288,0,62
mp-18132,0,62
mp-18332,0,62
mp-27805,0,62
mp-6684,0,62
mp-6452,0,62
mp-30209,0,62
mp-17048,0,62
mp-756630,0,62
mp-28679,0,62
mp-614491,0,62
mp-601286,0,62
mp-755416,0,62
mp-29883,0,62
mp-18196,0,62
mp-23291,0,62
mp-556347,0,62
mp-12418,0,62
mp-22996,0,62
mp-23260,0,62
mp-31468,0,62
mp-10233,0,62
mp-643069,0,62
mp-3081,0,62
mp-29693,0,62
mp-752418,0,62
mp-28830,0,62
mp-9167,0,62
mp-866503,0,62
mp-640324,0,62
mp-31097,0,62
mp-2879,0,62
mp-28077,0,62
mp-640053,0,62
mp-18040,0,62
mp-540839,0,62
mp-644236,0,62
mp-569786,0,62
mp-22982,0,62
mp-772820,0,62
mp-28760,0,62
mp-2833,0,62
mp-583193,0,62
mp-616026,0,62
mp-752656,0,62
mp-3917,0,62
mp-8870,0,62
mp-31118,0,62
mp-559969,0,62
mp-976726,0,62
mp-573763,0,62
mp-29036,0,62
mp-756458,0,62
mp-21461,0,62
mp-6495,0,62
mp-30156,0,62
mp-6224,0,62
mp-755184,0,62
mp-5185,0,62
mp-632667,0,62
mp-755138,0,62
mp-31086,0,62
mp-560647,0,62
mp-3378,0,62
mp-28603,0,62
mp-29411,0,62
mp-6113,0,62
mp-17998,0,62
mp-23497,0,62
mp-17283,0,62
mp-28383,0,62
mp-654109,0,62
mp-2511,0,62
mp-7384,0,62
mp-28049,0,62
mp-755738,0,62
mp-555585,0,62
mp-28127,0,62
mp-5163,0,62
mp-30456,0,62
mp-757145,0,62
mp-4468,0,62
mp-601257,0,62
mp-17960,0,62
mp-2895,0,62
mp-752442,0,62
mp-17786,0,62
mp-4891,0,62
mp-17785,0,62
mp-4789,0,62
mp-755165,0,62
mp-700,0,62
mp-7781,0,62
mp-17043,0,62
mp-974682,0,62
mp-643384,0,62
mp-3009,0,62
mp-4481,0,62
mp-866301,0,62
mp-542802,0,62
mp-557293,0,62
mp-28316,0,62
mp-3446,0,62
mp-17805,0,62
mp-540773,0,62
mp-510460,0,63
mp-7472,0,63
mp-505713,0,63
mp-4406,0,63
mp-9778,0,63
mp-27549,0,63
mp-13445,0,63
mp-27976,0,63
mp-10336,0,63
mp-551243,0,63
mp-9397,0,63
mp-9172,0,63
mp-754153,0,63
mp-7572,0,63
mp-557401,0,63
mp-7774,0,63
mp-865972,0,63
mp-16884,0,63
mp-505709,0,63
mp-9029,0,63
mp-545500,0,63
mp-862772,0,63
mp-31418,0,63
mp-28534,0,63
mp-9010,0,63
mp-28448,0,63
mp-12343,0,63
mp-573710,0,63
mp-27975,0,63
mp-754358,0,63
mp-7155,0,63
mp-8147,0,63
mp-13189,0,63
mp-10834,0,63
mp-12488,0,63
mp-12494,0,63
mp-28243,0,63
mp-643023,0,63
mp-7505,0,63
mp-17929,0,63
mp-7639,0,63
mp-560791,0,63
mp-8411,0,63
mp-7212,0,63
mp-6647,0,63
mp-22870,0,63
mp-769366,0,63
mp-23202,0,63
mp-556896,0,63
mp-8759,0,63
mp-16560,0,63
mp-9503,0,63
mp-780535,0,63
mp-11118,0,63
mp-27979,0,63
mp-12491,0,63
mp-752684,0,63
mp-756580,0,63
mp-510569,0,63
mp-7642,0,63
mp-3247,0,63
mp-7773,0,63
mp-989609,0,63
mp-28232,0,63
mp-867730,0,63
mp-7467,0,63
mp-760007,0,63
mp-11121,0,63
mp-22170,0,63
mp-122,0,63
mp-755998,0,63
mp-510062,0,63
mp-16118,0,63
mp-552234,0,63
mp-542772,0,63
mp-867335,0,63
mp-12490,0,63
mp-11116,0,63
mp-553310,0,63
mp-11122,0,63
mp-30314,0,63
mp-505712,0,63
mp-3143,0,63
mp-13326,0,63
mp-9855,0,63
mp-9317,0,63
mp-4784,0,63
mp-13133,0,63
mp-568191,0,63
mp-547244,0,63
mp-7077,0,63
mp-579556,0,63
mp-552547,0,63
mp-11123,0,63
mp-7566,0,63
mp-977148,0,63
mp-755537,0,63
mp-574620,0,63
mp-7211,0,63
mp-29410,0,63
mp-23084,0,63
mp-29216,0,63
mp-12487,0,63
mp-510462,0,63
mp-12497,0,63
mp-7392,0,63
mp-510065,0,63
mp-9672,0,63
mp-4930,0,63
mp-9396,0,63
mp-756354,0,63
mp-29205,0,63
mp-567644,0,63
mp-552806,0,63
mp-571390,0,63
mp-9856,0,63
mp-12495,0,63
mp-7643,0,63
mp-16445,0,63
mp-15684,0,63
mp-1008634,0,63
mp-12492,0,63
mp-768518,0,63
mp-542164,0,63
mp-12341,0,63
mp-18710,0,63
mp-17344,0,63
mp-12496,0,63
mp-761036,0,63
mp-14969,0,63
mp-581749,0,63
mp-8446,0,63
mp-13327,0,63
mp-981511,0,63
mp-16116,0,63
mp-8459,0,63
mp-556405,0,63
mp-571666,0,63
mp-10337,0,63
mp-12630,0,63
mp-556094,0,63
mp-23293,0,63
mp-12342,0,63
mp-772082,0,63
mp-15685,0,63
mp-7049,0,63
mp-560303,0,63
mp-560870,0,63
mp-752713,0,63
mp-9687,0,63
mp-756578,0,63
mp-27758,0,63
mp-4558,0,63
mp-8153,0,63
mp-643718,0,63
mp-756344,0,63
mp-11602,0,63
mp-752726,0,63
mp-556046,0,63
mp-638078,0,63
mp-581696,0,63
mp-569107,0,63
mp-13676,0,63
mp-23138,0,63
mp-10835,0,63
mp-16847,0,64
mp-770741,0,64
mp-29555,0,64
mp-29835,0,64
mp-973391,0,64
mp-29498,0,64
mp-541715,0,64
mp-8977,0,64
mp-643253,0,64
mp-18447,0,64
mp-17123,0,64
mp-620029,0,64
mp-569815,0,64
mp-17667,0,64
mp-29794,0,64
mp-3777,0,64
mp-505767,0,64
mp-2672,0,64
mp-583615,0,64
mp-9703,0,64
mp-17696,0,64
mp-1714,0,64
mp-769381,0,64
mp-505431,0,64
mp-570823,0,64
mp-18439,0,64
mp-9719,0,64
mp-17662,0,64
mp-752910,0,65
mp-755287,0,65
mp-567756,0,65
mp-753315,0,65
mp-29009,0,65
mp-765970,0,65
mp-754478,0,65
mp-545598,0,65
mp-560605,0,65
mp-22967,0,65
mp-6987,0,66
mp-20397,0,66
mp-8422,0,66
mp-7841,0,66
mp-556532,0,67
mp-8232,0,67
mp-760489,0,67
mp-23104,0,67
mp-4971,0,68
mp-510268,0,69
mp-13992,0,69
mp-2079,0,69
mp-14338,0,69
mp-11695,0,69
mp-4030,0,69
mp-14336,0,69
mp-17380,0,69
mp-11694,0,69
mp-8262,0,69
mp-15222,0,70
mp-754848,0,70
mp-11923,0,70
mp-4770,0,70
mp-568208,0,70
mp-9764,0,70
mp-779704,0,70
mp-676,0,70
mp-8972,0,70
mp-18480,0,70
mp-28491,0,70
mp-15221,0,70
mp-5141,0,70
mp-558500,0,70
mp-569857,0,70
mp-9910,0,70
mp-11924,0,70
mp-14339,0,70
mp-8900,0,70
mp-401,0,70
mp-14636,0,70
mp-555070,0,70
mp-209,0,70
mp-2131,0,70
mp-14637,0,70
mp-623028,0,70
mp-15218,0,70
mp-15217,0,70
mp-14340,0,70
mp-13995,0,70
mp-560860,0,70
mp-9824,0,70
mp-4530,0,70
mp-557506,0,70
mp-9003,0,70
mp-14635,0,70
mp-11641,0,70
mp-29829,0,70
mp-15147,0,70
mp-17228,0,70
mp-561641,0,70
mp-8621,0,71
mp-7608,0,71
mp-1378,0,71
mp-29025,0,71
mp-540584,0,71
mp-22313,0,71
mp-24148,0,71
mp-9523,0,71
mp-7928,0,71
mp-504810,0,71
mp-28683,0,71
mp-7895,0,71
mp-24150,0,71
mp-504806,0,71
mp-8622,0,71
mp-17208,0,71
mp-572767,0,71
mp-760515,0,71
mp-7929,0,71
mp-569117,0,71
mp-27562,0,71
mp-558071,0,71
mp-3592,0,72
mp-3257,0,72
mp-570886,0,72
mp-27303,0,72
mp-5122,0,72
mp-18006,0,72
mp-8543,0,72
mp-8235,0,72
mp-21511,0,72
mp-3527,0,72
mp-2884,0,72
mp-9068,0,72
mp-8719,0,72
mp-28253,0,72
mp-8187,0,72
mp-754352,0,72
mp-29882,0,72
mp-8716,0,72
mp-6984,0,72
mp-551203,0,72
mp-20256,0,72
mp-9666,0,72
mp-9069,0,72
mp-505633,0,72
mp-3704,0,72
mp-6450,0,72
mp-8930,0,72
mp-555140,0,72
mp-768203,0,72
mp-567386,0,72
mp-4052,0,72
mp-15999,0,72
mp-8931,0,72
mp-8257,0,72
mp-27227,0,72
mp-558121,0,72
mp-551835,0,72
mp-6960,0,72
mp-12535,0,72
mp-9676,0,72
mp-21510,0,72
mp-14532,0,72
mp-30129,0,73
mp-644506,0,74
mp-28870,0,74
mp-20254,0,74
mp-35647,0,74
mp-38951,0,74
mp-38307,0,74
mp-16280,0,74
mp-616572,0,74
mp-8204,0,74
mp-676338,0,74
mp-24142,0,74
mp-568803,0,74
mp-34022,0,74
mp-4103,0,74
mp-752404,0,74
mp-569128,0,74
mp-35493,0,74
mp-33940,0,74
mp-23768,0,74
mp-697263,0,74
mp-978275,0,74
mp-655591,0,74
mp-38008,0,74
mp-38684,0,74
mp-30519,1,76
mp-984766,1,77
mp-556364,1,79
mp-37829,1,82
mp-7910,1,82
mp-556228,1,82
mp-33449,1,82
mp-770481,1,82
mp-7906,1,82
mp-7908,1,82
mp-16577,1,82
mp-23485,1,82
mp-37449,1,82
mp-3038,1,82
mp-3167,1,82
mp-866662,1,82
mp-35714,1,82
mp-3772,1,82
mp-35512,1,82
mp-29403,0,82
mp-22304,1,82
mp-38805,1,82
mp-35907,1,82
mp-3159,1,82
mp-19765,1,82
mp-37923,1,82
mp-11175,1,82
mp-16337,1,82
mp-20731,1,82
mp-557696,1,82
mp-5928,1,82
mp-38442,1,82
mp-4730,1,82
mp-20832,1,82
mp-20790,0,82
mp-13949,1,82
mp-4452,1,82
mp-7909,1,82
mp-22607,1,82
mp-7907,1,82
mp-4809,1,82
mp-15777,1,82
mp-34034,1,82
mp-21374,1,82
mp-8203,0,84
mp-560340,0,84
mp-14249,0,84
mp-28021,0,85
mp-7714,0,87
mp-28698,0,87
mp-12385,0,87
mp-15318,0,87
mp-557304,0,87
mp-27743,0,87
mp-13000,0,87
mp-2371,0,87
mp-568105,0,87
mp-570324,0,87
mp-561623,0,87
mp-755633,0,87
mp-28995,0,88
mp-8042,0,88
mp-23704,0,88
mp-754717,0,88
mp-9298,0,88
mp-27385,0,88
mp-23034,0,88
mp-561068,0,88
mp-559598,0,88
mp-9297,0,88
mp-752451,0,88
mp-4035,0,88
mp-5078,0,88
mp-7094,0,88
mp-23562,0,88
mp-567431,0,88
mp-754109,0,88
mp-570229,0,88
mp-644486,0,88
mp-5558,0,88
mp-13530,0,88
mp-9756,0,88
mp-2898,0,88
mp-976291,0,88
mp-27205,0,88
mp-754964,0,88
mp-27401,0,88
mp-23450,0,88
mp-4757,0,88
mp-9755,0,88
mp-28567,0,88
mp-757031,1,91
mp-13843,1,91
mp-542737,1,91
mp-12112,1,92
mp-29289,1,92
mp-3427,1,92
mp-7812,1,92
mp-7623,1,92
mp-2782,1,92
mp-771976,1,96
mp-11025,1,96
mp-29816,1,96
mp-913,1,96
mp-554845,1,96
mp-769025,1,96
mp-37091,1,97
mp-38117,1,97
mp-38394,1,97
mp-33985,1,97
mp-20459,0,99
mp-6081,0,100
mp-17905,0,102
mp-29136,0,105
mp-27809,0,105
mp-545359,1,107
mp-35152,1,107
mp-563025,1,107
mp-756638,1,109
mp-28423,1,109
mp-27255,1,109
mp-973793,1,109
mp-760402,1,109
mp-570256,1,111
mp-8976,1,111
mp-568032,1,111
mp-29362,1,112
mp-28020,1,112
mp-19926,1,113
mp-541040,1,113
mp-7013,1,113
mp-7548,1,113
mp-559691,1,113
mp-239,1,113
mp-6655,1,113
mp-3551,1,113
mp-14416,1,113
mp-14420,1,113
mp-20778,1,113
mp-12903,1,113
mp-17244,1,113
mp-14415,1,113
mp-556422,1,113
mp-9077,1,113
mp-12902,1,113
mp-4024,1,113
mp-12904,1,113
mp-9338,1,113
mp-606393,1,113
mp-27824,1,113
mp-18129,1,113
mp-625541,1,114
mp-38725,0,114
mp-29628,1,114
mp-28768,1,114
mp-569055,1,115
mp-772875,1,117
mp-772861,1,117
mp-30311,1,118
mp-684580,1,119
mp-774907,1,119
mp-673677,1,119
mp-32880,1,119
mp-12532,1,121
mp-3269,1,121
mp-557373,1,121
mp-27888,1,121
mp-38103,1,121
mp-568661,1,121
mp-22993,1,121
mp-568968,1,121
mp-760415,1,121
mp-19896,1,121
mp-29091,1,121
mp-867699,1,121
mp-675748,1,121
mp-35539,1,121
mp-6841,1,121
mp-15472,1,121
mp-561942,1,121
mp-33615,1,122
mp-15704,1,122
mp-36100,1,122
mp-34141,1,122
mp-22811,1,122
mp-673682,1,122
mp-1016200,1,122
mp-34011,1,122
mp-675293,1,122
mp-3668,1,122
mp-4979,1,122
mp-5782,1,122
mp-4840,1,122
mp-5342,1,122
mp-675146,1,122
mp-14091,1,122
mp-3595,1,122
mp-38240,1,122
mp-35787,1,122
mp-675677,1,122
mp-5190,1,122
mp-20554,1,122
mp-8017,1,122
mp-37263,1,122
mp-34508,1,122
mp-37741,1,122
mp-675406,1,122
mp-1232369,1,122
mp-39033,1,122
mp-675767,1,122
mp-675511,1,122
mp-34903,1,122
mp-8016,1,122
mp-37859,1,122
mp-1009088,1,122
mp-675100,1,122
mp-14092,1,122
mp-22736,1,122
mp-36223,1,122
mp-2961,1,122
mp-550433,1,122
mp-5518,1,122
mp-4899,1,122
mp-12954,1,122
mp-3829,1,122
mp-4756,1,122
mp-1009083,1,122
mp-5238,1,122
mp-4666,1,122
mp-38327,1,122
mp-3839,1,122
mp-983565,1,122
mp-20782,1,122
mp-1009082,1,122
mp-35421,1,122
mp-675244,1,122
mp-3524,1,122
mp-675668,1,122
mp-1009087,1,122
mp-1016197,1,122
mp-35876,1,122
mp-36007,1,122
mp-10074,1,122
mp-22261,1,122
mp-20187,1,122
mp-38152,1,122
mp-36031,1,122
mp-33606,1,122
mp-676154,1,122
mp-36538,1,122
mp-4524,1,122
mp-971837,1,122
mp-10063,1,122
mp-1009084,1,122
mp-1009085,1,122
mp-7582,1,122
mp-15701,1,122
mp-37520,1,122
mp-675458,1,122
mp-19833,1,122
mp-14089,1,122
mp-4175,1,122
mp-4586,1,122
mp-675620,1,122
mp-15703,1,122
mp-4953,1,122
mp-34185,1,122
mp-4763,1,122
mp-1013527,1,122
mp-1094098,1,122
mp-5213,1,122
mp-22386,1,122
mp-5048,1,122
mp-675638,1,122
mp-33569,1,122
mp-14232,1,122
mp-37108,1,122
mp-4008,1,122
mp-14090,1,122
mp-3078,1,122
mp-674804,1,122
mp-33406,1,122
mp-545728,0,123
mp-552292,0,123
mp-546350,0,123
mp-549333,0,123
mp-551816,0,123
mp-552992,0,123
mp-581833,0,123
mp-550805,0,123
mp-545529,0,123
mp-551900,0,123
mp-22934,0,123
mp-552738,0,123
mp-553082,0,123
mp-551250,0,123
mp-9486,0,123
mp-549127,0,123
mp-547125,0,123
mp-867133,0,123
mp-546152,0,123
mp-546672,0,123
mp-27138,0,123
mp-549475,0,123
mp-27243,0,123
mp-550635,0,123
mp-553243,0,123
mp-552604,0,123
mp-550111,0,123
mp-553242,0,123
mp-546621,0,123
mp-546625,0,123
mp-552857,0,123
mp-546266,0,123
mp-551101,0,123
mp-29889,0,123
mp-552008,0,123
mp-22956,0,123
mp-549709,0,123
mp-30315,0,123
mp-545847,0,123
mp-546082,0,123
mp-29170,0,124
mp-29169,0,124
mp-571164,0,125
mp-571594,0,125
mp-28505,0,125
mp-628185,0,125
mp-557862,0,125
mp-571623,0,126
mp-556712,0,126
mp-571085,0,126
mp-557737,0,126
mp-642845,0,127
mp-29456,0,127
mp-555736,0,127
mp-8959,0,127
mp-8514,0,127
mp-643006,0,127
mp-29138,0,127
mp-9759,0,127
mp-643022,0,127
mp-8515,0,127
mp-9757,0,127
mp-642821,0,127
mp-556525,0,127
mp-642736,0,127
mp-27375,0,128
mp-28517,0,128
mp-28247,0,128
mp-570339,0,128
mp-616218,0,128
mp-21228,0,129
mp-558212,0,129
mp-23859,0,129
mp-8799,0,129
mp-755323,0,129
mp-23070,0,129
mp-975666,0,129
mp-5962,0,129
mp-23860,0,129
mp-556438,0,129
mp-24424,0,129
mp-7060,0,129
mp-27689,0,129
mp-768906,0,129
mp-22964,0,129
mp-23861,0,129
mp-10322,0,129
mp-27985,0,129
mp-861868,0,129
mp-22951,0,129
mp-29327,0,129
mp-22957,0,129
mp-24423,0,129
mp-29731,0,129
mp-12620,0,129
mp-23025,0,129
mp-9915,0,129
mp-27546,0,129
mp-753712,0,129
mp-16236,0,129
mp-27439,0,129
mp-24205,0,129
mp-7089,0,129
mp-4824,0,129
mp-23008,0,129
mp-29254,0,129
mp-23364,0,129
mp-23432,0,129
mp-9845,0,129
mp-554245,0,129
mp-9250,0,129
mp-27984,0,129
mp-983603,0,129
mp-28255,0,129
mp-7950,0,129
mp-12621,0,129
mp-7090,0,129
mp-23058,0,129
mp-7100,0,129
mp-557483,0,129
mp-10932,0,129
mp-4495,0,129
mp-753594,0,129
mp-755336,0,129
mp-9194,0,129
mp-567809,0,129
mp-973585,0,129
mp-22939,0,129
mp-9304,0,129
mp-19921,0,129
mp-15844,0,129
mp-20311,0,129
mp-554116,0,129
mp-604908,0,129
mp-773137,0,129
mp-3104,0,129
mp-861944,0,129
mp-690684,0,129
mp-28067,0,129
mp-559893,0,129
mp-8756,0,129
mp-23023,0,129
mp-22987,0,129
mp-13820,0,129
mp-22917,0,129
mp-24204,0,129
mp-10219,0,129
mp-546011,0,129
mp-28065,0,129
mp-23068,0,129
mp-754217,0,129
mp-23024,0,129
mp-24422,0,129
mp-8452,0,129
mp-6228,0,129
mp-643248,0,129
mp-8751,0,129
mp-2097,0,129
mp-505531,0,129
mp-549589,0,129
mp-8430,0,129
mp-23046,0,129
mp-27823,0,129
mp-8658,0,129
mp-9562,0,129
mp-10942,0,129
mp-753173,0,129
mp-28066,0,129
mp-5339,0,129
mp-552488,0,129
mp-861957,0,129
mp-861607,0,129
mp-7061,0,129
mp-23862,0,129
mp-754969,0,129
mp-9517,0,129
mp-30993,0,129
mp-8936,0,129
mp-22969,0,129
mp-24409,0,129
mp-6138,0,129
mp-23072,0,129
mp-16742,0,129
mp-558317,0,129
mp-973981,0,129
mp-29359,0,130
mp-23948,0,130
mp-5487,0,130
mp-28920,0,130
mp-778602,0,130
mp-24659,0,131
mp-7129,0,132
mp-10489,0,132
mp-10488,0,132
mp-1187178,0,136
mp-541923,0,136
mp-2657,0,136
mp-974713,0,136
mp-9650,0,136
mp-2723,0,136
mp-725,0,136
mp-28365,0,136
mp-825,0,136
mp-642735,0,136
mp-23710,0,136
mp-470,0,136
mp-559798,0,136
mp-13986,0,136
mp-20725,0,136
mp-856,0,136
mp-776532,0,136
mp-755401,0,136
mp-13985,0,136
mp-19970,0,136
mp-1187158,0,136
mp-14324,0,136
mp-864647,0,136
mp-866637,0,136
mp-996,0,136
mp-643010,0,136
mp-571166,0,136
mp-644494,0,136
mp-28931,0,136
mp-556520,0,136
mp-1014265,0,136
mp-13836,0,136
mp-570844,0,136
mp-756389,0,136
mp-662530,0,136
mp-567279,0,137
mp-14495,0,137
mp-37722,0,137
mp-582259,0,137
mp-755084,0,137
mp-3503,0,137
mp-2574,0,137
mp-568742,0,137
mp-8804,0,137
mp-1120780,0,138
mp-505366,0,138
mp-754761,0,138
mp-27725,0,138
mp-4287,0,138
mp-31212,0,139
mp-753192,0,139
mp-3359,0,139
mp-568137,0,139
mp-5127,0,139
mp-341,0,139
mp-24517,0,139
mp-760417,0,139
mp-9610,0,139
mp-23956,0,139
mp-567776,0,139
mp-5860,0,139
mp-3808,0,139
mp-10343,0,139
mp-16032,0,139
mp-5532,0,139
mp-4255,0,139
mp-1029532,0,139
mp-768368,0,139
mp-7726,0,139
mp-1068685,0,139
mp-697096,0,139
mp-8603,0,139
mp-3125,0,139
mp-1069160,0,139
mp-27478,0,139
mp-4547,0,139
mp-7523,0,139
mp-1069790,0,139
mp-10547,0,139
mp-6983,0,139
mp-7911,0,139
mp-16036,0,139
mp-30009,0,139
mp-5459,0,139
mp-755895,0,139
mp-756235,0,139
mp-557410,0,139
mp-20352,0,139
mp-772290,0,139
mp-3074,0,139
mp-706,0,139
mp-23177,0,139
mp-754128,0,139
mp-3349,0,139
mp-22937,0,139
mp-754363,0,139
mp-6940,0,139
mp-643257,0,139
mp-644389,0,139
mp-1206327,0,139
mp-22897,0,139
mp-643260,0,139
mp-16033,0,139
mp-769864,0,139
mp-560515,0,139
mp-28453,0,139
mp-23752,0,139
mp-19167,0,139
mp-9799,0,139
mp-1105,0,139
mp-1069004,0,139
mp-22859,0,139
mp-9306,0,139
mp-8666,0,139
mp-5072,0,139
mp-8789,0,139
mp-2706,0,139
mp-7470,0,139
mp-22885,0,139
mp-28592,0,139
mp-9307,0,139
mp-28599,0,139
mp-4961,0,139
mp-8818,0,139
mp-7232,0,139
mp-7469,0,139
mp-8861,0,139
mp-9583,0,139
mp-510557,0,140
mp-23947,0,140
mp-9668,0,140
mp-10166,0,140
mp-7388,0,140
mp-19851,0,140
mp-22483,0,140
mp-16060,0,140
mp-12623,0,140
mp-643702,0,140
mp-9580,0,140
mp-557035,0,140
mp-23571,0,140
mp-16455,0,140
mp-24668,0,140
mp-28080,0,140
mp-3419,0,140
mp-643270,0,140
mp-28520,0,140
mp-6770,0,140
mp-17895,0,140
mp-8161,0,140
mp-10165,0,140
mp-16454,0,140
mp-23846,0,140
mp-6793,0,140
mp-16452,0,140
mp-1950,0,140
mp-20805,0,140
mp-643712,0,140
mp-9579,0,140
mp-7386,0,140
mp-643895,0,140
mp-559270,0,140
mp-6468,0,140
mp-570262,0,140
mp-27801,0,140
mp-559446,0,140
mp-12622,0,140
mp-16124,0,140
mp-10289,0,140
mp-643651,0,140
mp-22255,0,140
mp-5309,0,140
mp-10163,0,140
mp-827,0,140
mp-7765,0,140
mp-29764,0,140
mp-29890,0,140
mp-743,0,140
mp-23550,0,140
mp-34477,0,141
mp-4609,0,141
mp-4624,0,141
mp-4820,0,141
mp-675199,0,141
mp-754027,0,141
mp-15845,0,141
mp-35717,0,141
mp-8128,0,141
mp-755357,0,141
mp-754334,0,141
mp-5884,0,141
mp-7644,0,141
mp-33667,0,141
mp-8470,0,141
mp-37879,0,141
mp-675230,0,141
mp-33322,0,141
mp-8058,0,141
mp-10971,0,141
mp-390,0,141
mp-675798,0,141
mp-12929,0,141
mp-676360,0,141
mp-772261,0,141
mp-674459,0,141
mp-13900,0,141
mp-23583,0,141
mp-772156,0,141
mp-7589,0,141
mp-5914,0,141
mp-38695,0,141
mp-36791,0,141
mp-754043,0,141
mp-755141,0,141
mp-35015,0,141
mp-37605,0,141
mp-5488,0,141
mp-35205,0,141
mp-4104,0,141
mp-768863,0,141
mp-3248,0,141
mp-35591,0,141
mp-2940,0,141
mp-5632,0,141
mp-755586,0,141
mp-546125,0,141
mp-754454,0,141
mp-5836,0,141
mp-33526,0,141
mp-8615,0,141
mp-650007,0,141
mp-755883,0,141
mp-4200,0,141
mp-5132,0,141
mp-4790,0,141
mp-6964,0,141
mp-35388,0,141
mp-5767,0,141
mp-36234,0,141
mp-5840,0,141
mp-7790,0,141
mp-12944,0,141
mp-754605,0,141
mp-29537,0,141
mp-4006,0,141
mp-7374,0,141
mp-33363,0,141
mp-4340,0,141
mp-754403,0,141
mp-771977,0,141
mp-11054,0,142
mp-21525,0,142
mp-11055,0,142
mp-866482,0,142
mp-542374,0,142
mp-756639,1,144
mp-768907,0,146
mp-754060,1,146
mp-31408,1,146
mp-863678,1,146
mp-755478,1,146
mp-556741,0,147
mp-10776,0,147
mp-632760,0,147
mp-27559,0,147
mp-8724,0,147
mp-555678,0,147
mp-28529,0,147
mp-554822,0,147
mp-985697,0,147
mp-861906,0,147
mp-18203,0,148
mp-752922,0,148
mp-754152,0,148
mp-623024,0,148
mp-13907,0,148
mp-31096,0,148
mp-8275,0,148
mp-14252,0,148
mp-27265,0,148
mp-29012,0,148
mp-22189,0,148
mp-9144,0,148
mp-27419,0,148
mp-19734,0,148
mp-7941,0,148
mp-754266,0,148
mp-22538,0,148
mp-11715,0,148
mp-13641,0,148
mp-20402,0,148
mp-866481,0,148
mp-9143,0,148
mp-569465,0,148
mp-29699,0,148
mp-754701,0,148
mp-7921,0,148
mp-571442,0,148
mp-754329,0,148
mp-6459,0,148
mp-147,0,148
mp-984696,0,148
mp-27698,0,148
mp-4190,0,148
mp-37216,0,148
mp-8256,0,148
mp-675104,0,148
mp-3771,0,148
mp-3759,0,148
mp-14142,0,148
mp-5094,0,148
mp-35906,0,148
mp-752569,0,148
mp-13983,0,148
mp-23218,0,148
mp-3273,0,148
mp-5858,0,148
mp-3118,0,148
mp-13984,0,148
mp-6031,0,148
mp-30943,0,148
mp-13903,0,148
mp-13610,0,148
mp-2994,0,148
mp-14871,0,148
mp-643371,0,148
mp-7922,0,148
mp-14398,0,148
mp-27420,0,148
mp-754359,0,148
mp-676512,0,148
mp-19992,0,148
mp-23054,0,148
mp-8255,0,148
mp-14591,0,148
mp-569413,0,148
mp-13840,0,148
mp-976401,0,148
mp-6026,0,148
mp-975924,0,148
mp-568428,0,148
mp-755804,0,148
mp-28483,0,148
mp-2956,0,148
mp-13740,0,148
mp-8000,0,148
mp-755225,0,148
mp-3980,0,148
mp-866313,0,148
mp-756742,0,148
mp-556458,1,150
mp-752695,1,150
mp-4829,1,150
mp-504908,1,150
mp-554540,1,151
mp-7826,1,152
mp-634,1,152
mp-756018,1,152
mp-17947,1,152
mp-4236,1,152
mp-561243,1,152
mp-17756,1,154
mp-18685,1,154
mp-9252,1,154
mp-15074,1,154
mp-11168,1,154
mp-555818,1,154
mp-6870,1,155
mp-7337,1,155
mp-559092,0,155
mp-6062,1,155
mp-6524,1,155
mp-29462,1,155
mp-7323,1,155
mp-553342,1,155
mp-13516,1,155
mp-1216698,0,156
mp-29057,1,156
mp-1217263,1,156
mp-556005,1,156
mp-571414,1,156
mp-567199,1,156
mp-570485,1,156
mp-1225994,1,156
mp-567246,1,156
mp-6980,0,156
mp-580202,1,156
mp-570437,1,156
mp-1218912,1,156
mp-571093,1,156
mp-1220035,1,156
mp-1217257,1,156
mp-22965,0,156
mp-567713,1,156
mp-570136,1,156
mp-979137,1,156
mp-980057,0,156
mp-567178,1,156
mp-33723,1,156
mp-23764,0,157
mp-672289,1,159
mp-9480,1,159
mp-2245,1,159
mp-38011,0,160
mp-556468,1,160
mp-39215,1,160
mp-966,0,160
mp-32750,0,160
mp-570690,1,160
mp-9947,1,160
mp-570804,1,160
mp-29798,0,160
mp-581601,1,160
mp-9813,0,160
mp-543011,1,160
mp-555858,1,160
mp-569978,0,160
mp-556576,1,160
mp-18377,1,160
mp-23162,0,160
mp-557151,1,160
mp-1434,0,160
mp-22914,0,160
mp-556105,1,160
mp-627401,1,160
mp-581476,1,160
mp-570641,1,160
mp-23612,0,160
mp-4559,1,160
mp-7581,0,160
mp-36582,0,160
mp-22691,0,160
mp-581258,1,160
mp-13334,0,161
mp-754323,1,161
mp-768310,1,161
mp-20282,1,161
mp-3666,1,161
mp-754009,1,161
mp-23736,1,161
mp-768221,1,161
mp-8704,1,161
mp-754943,1,161
mp-753677,1,161
mp-4360,1,161
mp-9126,0,162
mp-20015,0,162
mp-4002,0,162
mp-9125,0,162
mp-567931,0,162
mp-9127,0,162
mp-20727,0,162
mp-30284,0,162
mp-754517,0,162
mp-8922,0,162
mp-27563,0,162
mp-757074,0,162
mp-754710,0,162
mp-4555,0,162
mp-3810,0,162
mp-7128,0,162
mp-754212,0,162
mp-754065,0,162
mp-31220,0,162
mp-754118,0,162
mp-29417,0,163
mp-20902,0,163
mp-557787,0,163
mp-6591,0,163
mp-10340,0,163
mp-10103,0,163
mp-505148,0,163
mp-556301,0,163
mp-23503,0,163
mp-27417,0,163
mp-6134,0,163
mp-7008,0,163
mp-28815,0,163
mp-13385,0,163
mp-13384,0,163
mp-8616,0,163
mp-13383,0,163
mp-12829,0,163
mp-6654,0,164
mp-8564,0,164
mp-9499,0,164
mp-9571,0,164
mp-1029337,0,164
mp-3862,0,164
mp-30031,0,164
mp-1029258,0,164
mp-3563,0,164
mp-30034,0,164
mp-8579,0,164
mp-1017628,0,164
mp-1069815,0,164
mp-8281,0,164
mp-1057,0,164
mp-554959,0,164
mp-12673,0,164
mp-29209,0,164
mp-754640,0,164
mp-4764,0,164
mp-7430,0,164
mp-643264,0,164
mp-29803,0,164
mp-9386,0,164
mp-1069558,0,164
mp-9582,0,164
mp-21385,0,164
mp-8181,0,164
mp-13971,0,164
mp-10919,0,164
mp-541487,0,164
mp-9569,0,164
mp-985831,0,164
mp-7769,0,164
mp-7771,0,164
mp-643004,0,164
mp-10314,0,164
mp-13972,0,164
mp-1206998,0,164
mp-9564,0,164
mp-23005,0,164
mp-11107,0,164
mp-643047,0,164
mp-1968,0,164
mp-7770,0,164
mp-7233,0,164
mp-973,0,164
mp-570259,0,164
mp-7432,0,164
mp-12670,0,164
mp-7786,0,164
mp-21400,0,164
mp-8152,0,164
mp-9514,0,164
mp-1186,0,164
mp-8150,0,164
mp-10996,0,164
mp-8279,0,164
mp-1070483,0,164
mp-27922,0,164
mp-754834,0,164
mp-1206128,0,164
mp-6474,0,164
mp-865185,0,164
mp-13039,0,164
mp-7067,0,164
mp-2763,0,164
mp-505825,0,164
mp-556996,0,164
mp-8278,0,164
mp-10435,0,164
mp-9570,0,164
mp-8280,0,164
mp-9565,0,164
mp-3006,0,164
mp-985829,0,164
mp-1232292,0,164
mp-570081,0,164
mp-867194,0,164
mp-7431,0,164
mp-10918,0,164
mp-6574,0,164
mp-9272,0,164
mp-976876,0,164
mp-643370,0,164
mp-2063,0,164
mp-2646,0,164
mp-1017548,0,164
mp-3821,0,164
mp-1207013,0,164
mp-553875,0,164
mp-27377,0,164
mp-8277,0,164
mp-753920,0,164
mp-22880,0,164
mp-12669,0,164
mp-557359,0,164
mp-9497,0,164
mp-10580,0,164
mp-567296,0,164
mp-769284,0,164
mp-9006,0,164
mp-579560,0,164
mp-1069695,0,164
mp-12908,0,164
mp-9912,0,164
mp-553303,0,164
mp-12668,0,164
mp-13975,0,164
mp-10733,0,164
mp-11917,0,164
mp-28479,0,164
mp-768908,0,164
mp-6325,0,164
mp-1029330,0,164
mp-12894,0,164
mp-9566,0,164
mp-13038,0,164
mp-1018630,0,164
mp-9567,0,164
mp-7429,0,164
mp-7249,0,164
mp-9385,0,164
mp-6931,0,164
mp-12671,0,164
mp-3216,0,164
mp-3211,0,164
mp-1017567,0,164
mp-13974,0,164
mp-11397,0,164
mp-4511,0,164
mp-27487,0,164
mp-3556,0,164
mp-8276,0,164
mp-5598,0,164
mp-23205,0,164
mp-4823,0,164
mp-556275,0,164
mp-10521,0,164
mp-1097065,0,164
mp-10550,0,164
mp-9581,0,164
mp-8219,0,164
mp-10933,0,164
mp-29208,0,164
mp-974482,0,164
mp-7768,0,164
mp-5795,0,164
mp-546864,0,164
mp-1029385,0,164
mp-27501,0,164
mp-754827,0,164
mp-9498,0,164
mp-3236,0,164
mp-7891,0,164
mp-7704,0,164
mp-504554,0,164
mp-510437,0,164
mp-15986,0,164
mp-7101,0,164
mp-10905,0,164
mp-28938,0,164
mp-752658,0,164
mp-22893,0,164
mp-29415,0,164
mp-20374,0,164
mp-12953,0,164
mp-10901,0,164
mp-755340,0,164
mp-567259,0,164
mp-570418,0,164
mp-905,0,165
mp-762258,0,165
mp-769268,0,165
mp-17481,0,165
mp-772151,0,165
mp-17808,0,165
mp-17841,0,165
mp-769307,0,165
mp-13206,0,166
mp-4124,0,166
mp-29149,0,166
mp-5273,0,166
mp-8830,0,166
mp-997161,0,166
mp-561751,0,166
mp-24799,0,166
mp-5175,0,166
mp-6972,0,166
mp-15782,0,166
mp-769173,0,166
mp-14093,0,166
mp-9059,0,166
mp-637213,0,166
mp-15788,0,166
mp-569507,0,166
mp-3748,0,166
mp-8409,0,166
mp-24798,0,166
mp-3915,0,166
mp-10778,0,166
mp-8001,0,166
mp-541912,0,166
mp-3664,0,166
mp-10969,0,166
mp-31406,0,166
mp-3960,0,166
mp-9479,0,166
mp-27948,0,166
mp-550820,0,166
mp-24199,0,166
mp-4632,0,166
mp-24241,0,166
mp-753260,0,166
mp-9259,0,166
mp-12317,0,166
mp-15795,0,166
mp-5808,0,166
mp-7974,0,166
mp-9488,0,166
mp-756034,0,166
mp-570117,0,166
mp-1591,0,166
mp-568062,0,166
mp-9274,0,166
mp-22881,0,166
mp-561619,0,166
mp-22473,0,166
mp-4519,0,166
mp-29450,0,166
mp-8176,0,166
mp-978857,0,166
mp-15793,0,166
mp-16763,0,166
mp-754825,0,166
mp-756810,0,166
mp-28302,0,166
mp-3637,0,166
mp-15794,0,166
mp-15783,0,166
mp-690794,0,166
mp-27999,0,166
mp-568588,0,166
mp-7477,0,166
mp-753098,0,166
mp-36329,0,166
mp-11719,0,166
mp-23040,0,166
mp-10226,0,166
mp-22566,0,166
mp-675543,0,166
mp-22660,0,166
mp-7176,0,166
mp-7041,0,166
mp-560874,0,166
mp-28688,0,166
mp-27837,0,166
mp-19210,0,166
mp-569178,0,166
mp-38605,0,166
mp-29151,0,166
mp-9872,0,166
mp-29584,0,166
mp-4280,0,166
mp-9370,0,166
mp-10780,0,166
mp-9076,0,166
mp-4123,0,166
mp-15797,0,166
mp-9364,0,166
mp-9365,0,166
mp-569677,0,166
mp-642807,0,166
mp-30533,0,166
mp-27869,0,166
mp-5634,0,166
mp-7973,0,166
mp-510549,0,166
mp-9518,0,166
mp-9086,0,166
mp-3056,0,166
mp-6978,0,166
mp-15786,0,166
mp-15791,0,166
mp-552934,0,166
mp-10785,0,166
mp-24796,0,166
mp-7478,0,166
mp-30302,0,166
mp-8127,0,166
mp-23582,0,166
mp-11601,0,166
mp-571527,0,166
mp-6163,0,166
mp-3613,0,166
mp-4636,0,166
mp-754883,0,166
mp-9081,0,166
mp-7476,0,166
mp-10779,0,166
mp-1346,0,166
mp-23210,0,166
mp-640058,0,166
mp-7480,0,166
mp-754852,0,166
mp-10782,0,166
mp-15785,0,166
mp-14437,0,166
mp-9263,0,166
mp-7439,0,166
mp-13634,0,166
mp-9366,0,166
mp-10784,0,166
mp-9089,0,166
mp-8145,0,166
mp-755311,0,166
mp-12509,0,166
mp-28554,0,166
mp-9036,0,166
mp-160,0,166
mp-555850,0,166
mp-11739,0,166
mp-554310,0,166
mp-14638,0,166
mp-8226,0,166
mp-540789,0,166
mp-6528,0,166
mp-14205,0,166
mp-754781,0,166
mp-9035,0,166
mp-552537,0,166
mp-8710,0,166
mp-570097,0,166
mp-29585,0,166
mp-30091,0,166
mp-753774,0,166
mp-9362,0,166
mp-8111,0,166
mp-10783,0,166
mp-31166,0,166
mp-3857,0,166
mp-6494,0,166
mp-29484,0,166
mp-7914,0,166
mp-9273,0,166
mp-551456,0,166
mp-624,0,166
mp-14206,0,166
mp-31419,0,166
mp-676250,0,166
mp-549728,0,166
mp-571461,0,166
mp-23033,0,166
mp-753746,0,166
mp-14796,0,166
mp-8175,0,166
mp-567441,0,166
mp-9783,0,166
mp-14116,0,166
mp-23009,0,166
mp-23774,0,166
mp-561586,0,166
mp-23751,0,166
mp-505158,0,166
mp-22936,0,166
mp-5694,0,166
mp-9368,0,166
mp-30041,0,166
mp-23758,0,166
mp-15781,0,166
mp-754158,0,166
mp-9367,0,166
mp-561786,0,166
mp-28395,0,166
mp-542819,0,166
mp-15790,0,166
mp-580886,0,166
mp-23056,0,166
mp-14797,0,166
mp-20289,0,166
mp-8584,0,166
mp-9363,0,166
mp-14115,0,166
mp-7959,0,166
mp-8188,0,166
mp-573316,0,166
mp-11740,0,166
mp-996981,0,166
mp-28591,0,166
mp-15789,0,166
mp-29678,0,166
mp-696746,0,166
mp-15796,0,166
mp-8753,0,166
mp-7958,0,166
mp-13313,0,166
mp-7863,0,166
mp-7972,0,166
mp-568690,0,166
mp-9361,0,166
mp-27438,0,166
mp-4326,0,166
mp-7046,0,166
mp-569595,0,166
mp-568937,0,167
mp-4710,0,167
mp-28315,0,167
mp-637194,0,167
mp-607712,0,167
mp-9890,0,167
mp-10392,0,167
mp-18498,0,167
mp-642847,0,167
mp-29468,0,167
mp-18651,0,167
mp-29775,0,167
mp-12362,0,167
mp-28564,0,167
mp-10299,0,167
mp-29331,0,167
mp-588,0,167
mp-468,0,167
mp-8961,0,167
mp-555812,0,167
mp-4598,0,167
mp-6361,0,167
mp-642996,0,167
mp-782050,0,167
mp-2068,0,167
mp-22930,0,167
mp-6730,0,167
mp-541738,0,167
mp-669304,0,167
mp-3953,0,167
mp-5348,0,167
mp-979264,0,167
mp-8180,0,167
mp-17149,0,167
mp-1047,0,167
mp-669389,0,167
mp-2826,0,167
mp-4385,0,167
mp-755313,0,167
mp-2437,0,167
mp-8568,0,167
mp-28044,0,167
mp-978093,0,167
mp-18247,0,167
mp-9745,0,167
mp-31358,0,167
mp-1243,0,167
mp-18652,0,167
mp-4531,0,167
mp-570158,0,167
mp-22323,0,167
mp-867700,0,167
mp-23125,0,167
mp-10461,0,167
mp-15571,0,167
mp-18705,0,167
mp-643001,0,167
mp-8110,0,167
mp-754409,0,167
mp-23933,0,167
mp-779545,0,167
mp-3919,0,167
mp-7560,0,167
mp-15567,0,167
mp-6233,0,167
mp-974381,0,167
mp-13042,0,167
mp-3889,0,167
mp-8960,0,167
mp-17829,0,167
mp-6064,0,167
mp-7027,0,167
mp-861979,0,167
mp-2552,0,167
mp-30005,0,167
mp-23392,0,167
mp-3466,0,167
mp-8697,0,167
mp-5899,0,167
mp-542734,0,167
mp-23347,0,167
mp-561725,0,167
mp-6281,0,167
mp-556316,0,167
mp-1143,0,167
mp-14787,0,167
mp-6949,0,167
mp-8727,0,167
mp-2654,1,169
mp-504952,1,169
mp-504482,1,169
mp-862787,1,169
mp-504951,1,169
mp-612740,1,169
mp-6485,1,173
mp-867322,1,173
mp-556962,1,173
mp-560300,1,173
mp-556781,1,173
mp-555081,1,173
mp-557517,1,173
mp-568954,1,173
mp-568779,1,173
mp-569557,1,173
mp-554150,1,173
mp-17916,1,173
mp-17827,1,173
mp-558980,1,173
mp-554097,1,173
mp-12485,1,173
mp-542888,1,173
mp-567428,1,173
mp-510566,1,173
mp-866696,1,173
mp-5709,1,173
mp-570594,1,173
mp-570226,1,173
mp-864666,1,173
mp-17155,1,173
mp-556975,1,173
mp-641534,1,173
mp-17243,1,173
mp-17747,1,173
mp-568638,1,173
mp-560501,1,173
mp-560014,1,173
mp-561173,1,173
mp-867929,1,173
mp-17389,1,173
mp-555978,1,173
mp-555893,1,173
mp-571347,1,173
mp-554781,1,173
mp-568801,1,173
mp-862792,1,173
mp-18126,1,173
mp-558042,1,173
mp-504891,1,173
mp-17719,1,173
mp-570045,1,173
mp-567753,1,173
mp-505558,1,173
mp-557998,1,173
mp-617632,1,173
mp-15573,1,173
mp-6253,1,173
mp-571468,1,173
mp-6179,1,173
mp-18303,1,173
mp-23828,1,174
mp-23827,1,174
mp-984055,1,174
mp-10510,0,176
mp-554542,0,176
mp-540950,0,176
mp-554303,0,176
mp-10509,0,176
mp-11166,0,176
mp-23183,0,176
mp-540707,0,176
mp-22896,0,176
mp-17382,0,176
mp-7191,0,176
mp-17037,0,176
mp-558533,0,176
mp-554719,0,176
mp-23211,0,176
mp-23263,0,176
mp-756888,0,176
mp-6694,0,176
mp-540949,0,176
mp-558672,0,176
mp-27506,0,176
mp-23221,0,176
mp-568170,0,176
mp-29218,0,176
mp-556183,0,176
mp-8380,0,176
mp-942,1,178
mp-23110,1,180
mp-3079,1,182
mp-769045,1,185
mp-28548,1,185
mp-769007,1,185
mp-761931,1,185
mp-769079,1,185
mp-769294,1,185
mp-27366,1,185
mp-504607,1,185
mp-17853,1,185
mp-768469,1,185
mp-772521,1,185
mp-28549,1,185
mp-772180,1,185
mp-772217,1,185
mp-24097,1,185
mp-768505,1,185
mp-769015,1,185
mp-753546,1,185
mp-768149,1,185
mp-768267,1,185
mp-13119,1,186
mp-561681,1,186
mp-29910,1,186
mp-1070,1,186
mp-23321,1,186
mp-1178514,1,186
mp-24066,1,186
mp-13954,1,186
mp-568916,1,186
mp-555218,1,186
mp-22683,1,186
mp-15572,1,186
mp-1019259,1,186
mp-642725,1,186
mp-570935,1,186
mp-18481,1,186
mp-850213,1,186
mp-672,1,186
mp-755546,1,186
mp-22894,0,186
mp-556049,1,186
mp-1039,0,186
mp-1184046,1,186
mp-567503,1,186
mp-8883,1,186
mp-14780,1,186
mp-5055,1,186
mp-29529,0,186
mp-973676,1,186
mp-5729,1,186
mp-11081,1,186
mp-10096,1,186
mp-1184548,1,186
mp-18246,0,186
mp-12171,1,186
mp-7140,0,186
mp-14782,1,186
mp-27934,1,186
mp-9919,0,186
mp-2133,1,186
mp-4219,1,186
mp-1018059,1,186
mp-569346,0,186
mp-380,0,186
mp-661,1,186
mp-753816,1,186
mp-1007661,1,186
mp-1096897,1,186
mp-29117,0,186
mp-31160,1,186
mp-866056,1,186
mp-28987,1,186
mp-14168,1,186
mp-1018713,1,186
mp-8075,1,186
mp-29909,1,186
mp-12779,1,186
mp-7874,1,186
mp-1185301,1,186
mp-1008559,1,186
mp-29689,1,186
mp-22205,1,186
mp-13406,1,186
mp-8884,0,186
mp-10281,1,186
mp-9575,0,186
mp-8882,1,186
mp-561118,1,186
mp-13002,1,186
mp-28944,1,186
mp-1096880,1,186
mp-1025082,1,186
mp-23063,1,186
mp-610631,1,186
mp-10097,1,186
mp-7664,1,186
mp-567949,1,186
mp-804,0,186
mp-11670,1,186
mp-560588,0,186
mp-570084,1,186
mp-19983,1,186
mp-8881,1,186
mp-28248,1,186
mp-1071260,1,186
mp-17161,1,186
mp-20568,1,186
mp-2542,1,186
mp-567290,0,186
mp-23794,1,186
mp-644222,1,186
mp-9007,1,186
mp-8880,0,186
mp-1185319,1,186
mp-1018100,1,186
mp-1018040,1,186
mp-626161,1,186
mp-1185942,1,186
mp-5114,1,186
mp-567542,0,186
mp-7868,0,186
mp-580941,1,186
mp-554831,1,186
mp-37657,1,186
mp-8389,1,186
mp-17698,1,186
mp-29116,1,186
mp-11714,1,186
mp-1025128,1,186
mp-570079,1,186
mp-1007652,1,186
mp-9946,1,186
mp-10098,1,186
mp-8606,1,187
mp-867841,1,187
mp-1018028,1,187
mp-1018027,1,187
mp-1218273,1,187
mp-2305,1,187
mp-1220023,0,187
mp-1183040,1,187
mp-1222919,1,187
mp-13149,1,187
mp-1894,1,187
mp-1217967,1,187
mp-1217422,1,187
mp-1061766,0,187
mp-10616,1,187
mp-1218268,1,187
mp-1206743,1,187
mp-1187244,1,187
mp-1183252,1,187
mp-1222888,1,187
mp-28989,1,187
mp-1187974,1,187
mp-1215258,1,187
mp-1227729,1,187
mp-1219533,0,187
mp-10615,1,187
mp-867261,1,187
mp-1206718,1,187
mp-1226229,1,187
mp-6867,1,187
mp-11807,1,187
mp-1226524,1,187
mp-1572,1,187
mp-1219509,1,187
mp-24012,1,187
mp-997617,1,187
mp-1226464,1,187
mp-1183691,1,187
mp-9744,1,187
mp-1539,1,187
mp-865430,1,187
mp-1183227,1,187
mp-2744,1,187
mp-1226620,1,187
mp-1217409,1,187
mp-1215676,1,187
mp-974421,0,187
mp-983459,1,187
mp-1183222,1,187
mp-1228901,1,187
mp-1217363,1,187
mp-28797,1,187
mp-219,1,187
mp-1226602,1,187
mp-2634,1,187
mp-11625,1,188
mp-18509,1,188
mp-540631,1,188
mp-18502,1,188
mp-540634,1,188
mp-9478,1,188
mp-17229,1,188
mp-6661,1,188
mp-568536,0,189
mp-13275,0,189
mp-567680,0,189
mp-9775,0,189
mp-409,0,189
mp-560641,0,189
mp-2340,0,189
mp-9732,0,189
mp-13978,0,189
mp-29877,0,189
mp-862701,0,189
mp-7931,0,189
mp-9062,0,189
mp-760418,0,189
mp-14193,0,189
mp-558491,1,190
mp-27791,1,190
mp-29341,1,190
mp-29090,1,190
mp-541995,1,190
mp-561277,0,193
mp-755486,0,193
mp-24338,0,193
mp-643655,0,193
mp-983061,0,193
mp-974437,0,194
mp-6872,0,194
mp-971634,0,194
mp-985439,0,194
mp-1205318,0,194
mp-22156,0,194
mp-21170,0,194
mp-1013525,0,194
mp-13312,0,194
mp-1095650,0,194
mp-810,0,194
mp-1025497,0,194
mp-1634,0,194
mp-1078712,0,194
mp-1019279,0,194
mp-1025550,0,194
mp-9037,0,194
mp-864954,0,194
mp-1025441,0,194
mp-5910,0,194
mp-1077361,0,194
mp-103,0,194
mp-1092281,0,194
mp-9961,0,194
mp-1066078,0,194
mp-558658,0,194
mp-553308,0,194
mp-7650,0,194
mp-567666,0,194
mp-9631,0,194
mp-570684,0,194
mp-11818,0,194
mp-996162,0,194
mp-570963,0,194
mp-9793,0,194
mp-5244,0,194
mp-153,0,194
mp-112,0,194
mp-1078811,0,194
mp-13277,0,194
mp-224,0,194
mp-20315,0,194
mp-4336,0,194
mp-31148,0,194
mp-9989,0,194
mp-19835,0,194
mp-997158,0,194
mp-6185,0,194
mp-1066274,0,194
mp-1025557,0,194
mp-10009,0,194
mp-20661,0,194
mp-1935,0,194
mp-10749,0,194
mp-7977,0,194
mp-7420,0,194
mp-13276,0,194
mp-16263,0,194
mp-1095643,0,194
mp-10052,0,194
mp-984,0,194
mp-5137,0,194
mp-3098,0,194
mp-9574,0,194
mp-2572,0,194
mp-5496,0,194
mp-2187,0,194
mp-16613,0,194
mp-20042,0,194
mp-1677,0,194
mp-12109,0,194
mp-67,0,194
mp-1206169,0,194
mp-1689,0,194
mp-19723,0,194
mp-11275,0,194
mp-841,0,194
mp-9957,0,194
mp-12557,0,194
mp-1103373,0,194
mp-4975,0,194
mp-11020,0,194
mp-33,0,194
mp-570510,0,194
mp-1589,0,194
mp-1103315,0,194
mp-31147,0,194
mp-7025,0,194
mp-20868,0,194
mp-11816,0,194
mp-1086669,0,194
mp-2507,0,194
mp-1079635,0,194
mp-1025517,0,194
mp-756922,0,194
mp-7359,0,194
mp-16254,0,194
mp-1025524,0,194
mp-13137,0,194
mp-16321,0,194
mp-7435,0,194
mp-3744,0,194
mp-8432,0,194
mp-94,0,194
mp-9702,0,194
mp-28911,0,194
mp-567365,0,194
mp-7438,0,194
mp-696944,0,194
mp-12657,0,194
mp-602,0,194
mp-4120,0,194
mp-568895,0,194
mp-557577,0,194
mp-11583,0,194
mp-9898,0,194
mp-4613,0,194
mp-999318,0,194
mp-28553,0,194
mp-20004,0,194
mp-30438,0,194
mp-997008,0,194
mp-46,0,194
mp-8098,0,194
mp-568630,0,194
mp-4835,0,194
mp-29750,0,194
mp-2432,0,194
mp-131,0,194
mp-7003,0,194
mp-165,0,194
mp-10173,0,194
mp-12571,0,194
mp-5025,0,194
mp-12814,0,194
mp-7940,0,194
mp-11557,0,194
mp-1206525,0,194
mp-12735,0,194
mp-2072,0,194
mp-1949,0,194
mp-11449,0,194
mp-510311,0,194
mp-1208952,0,194
mp-12990,0,194
mp-768175,0,194
mp-10208,0,194
mp-8126,0,194
mp-567612,0,194
mp-2400,0,194
mp-8723,0,194
mp-2644,0,194
mp-30577,0,194
mp-3553,0,194
mp-1206881,0,194
mp-1025427,0,194
mp-3924,0,194
mp-7437,0,194
mp-8948,0,194
mp-541811,0,194
mp-6112,0,194
mp-8044,0,194
mp-736,0,194
mp-972199,0,194
mp-11019,0,194
mp-1821,0,194
mp-11281,0,194
mp-7937,0,194
mp-2225,0,194
mp-754110,0,194
mp-4978,0,194
mp-754157,0,194
mp-2918,0,194
mp-11282,0,194
mp-1114,0,194
mp-7436,0,194
mp-6977,0,194
mp-11022,0,194
mp-10172,0,194
mp-754469,0,194
mp-10485,0,194
mp-1008488,0,194
mp-10763,0,194
mp-568273,0,194
mp-7938,0,194
mp-754154,0,194
mp-9712,0,194
mp-3732,0,194
mp-9556,0,194
mp-1079992,0,194
mp-9956,0,194
mp-1084767,0,194
mp-549158,0,194
mp-997010,0,194
mp-20033,0,194
mp-541646,0,194
mp-11021,0,194
mp-5443,0,194
mp-754535,0,194
mp-87,0,194
mp-24011,0,194
mp-23015,0,194
mp-1079076,0,194
mp-11023,0,194
mp-19821,0,194
mp-16266,0,194
mp-1102354,0,194
mp-13503,0,194
mp-570466,0,194
mp-754138,0,194
mp-569624,0,194
mp-7955,0,194
mp-23156,0,194
mp-1025496,0,194
mp-7939,0,194
mp-9573,0,194
mp-22740,0,194
mp-12481,0,194
mp-568565,0,194
mp-23451,0,194
mp-11270,0,194
mp-1124,0,194
mp-16764,0,194
mp-752927,0,194
mp-3642,0,194
mp-568186,0,194
mp-868117,0,194
mp-1077788,0,194
mp-619015,0,194
mp-590,0,194
mp-10677,0,194
mp-8,0,194
mp-541707,0,194
mp-1184755,0,194
mp-10046,0,194
mp-9958,0,194
mp-56,0,194
mp-1080835,0,194
mp-7738,0,194
mp-570786,0,194
mp-754055,0,194
mp-567220,0,194
mp-10597,0,194
mp-4887,0,194
mp-132,0,194
mp-3871,0,194
mp-30250,0,194
mp-12537,0,194
mp-2815,0,194
mp-11700,0,194
mp-1078,0,194
mp-541742,0,194
mp-11820,0,194
mp-997099,0,194
mp-30167,0,194
mp-753799,0,194
mp-203,0,194
mp-16978,0,194
mp-2772,0,194
mp-9987,0,194
mp-20983,0,194
mp-984555,0,194
mp-7936,0,194
mp-20766,0,194
mp-568145,0,194
mp-4893,0,194
mp-570670,0,194
mp-997095,0,194
mp-1943,0,194
mp-769398,0,194
mp-17120,0,194
mp-19856,0,194
mp-1079546,0,194
mp-3886,0,194
mp-541044,0,194
mp-29019,0,194
mp-11499,0,194
mp-20485,0,194
mp-569095,0,194
mp-8456,0,194
mp-20329,0,194
mp-20197,0,194
mp-9244,0,194
mp-19178,0,194
mp-757,0,194
mp-15668,0,194
mp-49,0,194
mp-2294,0,194
mp-541813,0,194
mp-10200,0,194
mp-7898,0,194
mp-17009,0,194
mp-768864,0,194
mp-23738,0,194
mp-10667,0,194
mp-317,1,198
mp-29168,1,198
mp-1078526,1,198
mp-7189,1,198
mp-5626,1,198
mp-16363,1,198
mp-621964,1,198
mp-17538,1,198
mp-8630,1,198
mp-768232,1,198
mp-1025551,1,198
mp-1078464,1,198
mp-10692,1,198
mp-8686,1,198
mp-9191,1,198
mp-12651,1,198
mp-29525,1,198
mp-1025397,1,198
mp-10904,1,198
mp-2488,1,198
mp-7577,1,198
mp-30365,1,198
mp-871,1,198
mp-189,1,198
mp-643293,1,198
mp-29379,1,198
mp-643246,1,198
mp-569671,1,198
mp-1079910,1,198
mp-1431,1,198
mp-756361,1,198
mp-7948,1,198
mp-17250,1,198
mp-24052,1,198
mp-1079914,1,198
mp-675142,1,198
mp-28980,1,198
mp-866617,1,199
mp-558539,1,199
mp-984332,1,199
mp-20694,1,199
mp-866635,1,199
mp-24123,0,202
mp-24136,0,202
mp-24239,0,202
mp-23691,0,202
mp-8182,0,204
mp-2395,0,204
mp-13853,0,204
mp-1317,0,204
mp-452,0,204
mp-1239,0,204
mp-1944,0,204
mp-1106023,0,204
mp-540912,0,204
mp-1357,0,204
mp-2301,0,204
mp-9619,0,204
mp-21893,0,205
mp-771046,0,205
mp-2589,0,205
mp-2070,0,205
mp-21873,0,205
mp-2280,0,205
mp-226,0,205
mp-1103590,0,205
mp-730,0,205
mp-20820,0,205
mp-772617,0,205
mp-562,0,205
mp-8484,0,205
mp-754,0,205
mp-4157,0,205
mp-20901,0,205
mp-1922,0,205
mp-2142,0,205
mp-23287,0,205
mp-2310,0,205
mp-2480,0,205
mp-21065,0,205
mp-1095440,0,205
mp-2604,0,205
mp-22864,0,205
mp-20465,0,205
mp-22555,0,205
mp-22309,0,205
mp-2513,0,205
mp-22619,0,205
mp-4396,0,205
mp-1848,0,205
mp-738,0,205
mp-1102743,0,205
mp-20905,0,205
mp-1356,0,205
mp-2030,0,205
mp-555740,0,206
mp-27272,1,214
mp-4043,1,215
mp-755309,1,215
mp-4081,1,215
mp-34337,1,215
mp-21855,1,215
mp-10748,1,215
mp-991676,1,215
mp-643071,1,215
mp-991652,1,215
mp-36248,1,215
mp-3762,1,215
mp-9295,1,215
mp-760375,1,215
mp-644264,1,215
mp-5621,1,215
mp-981379,1,215
mp-1222659,1,216
mp-10180,1,216
mp-13031,0,216
mp-10695,0,216
mp-1222602,1,216
mp-10755,1,216
mp-1100415,1,216
mp-9437,1,216
mp-1156,0,216
mp-1009130,0,216
mp-37906,1,216
mp-3201,1,216
mp-2490,0,216
mp-1550,0,216
mp-406,1,216
mp-30405,1,216
mp-13033,0,216
mp-31442,1,216
mp-999576,1,216
mp-961706,1,216
mp-20351,0,216
mp-1222646,1,216
mp-31443,1,216
mp-1123,0,216
mp-16327,1,216
mp-2624,0,216
mp-961684,1,216
mp-866291,0,216
mp-21029,1,216
mp-1190,0,216
mp-961678,1,216
mp-19886,1,216
mp-1216641,1,216
mp-924130,1,216
mp-570213,1,216
mp-1216635,1,216
mp-1100430,1,216
mp-961713,1,216
mp-961685,1,216
mp-9124,1,216
mp-924129,1,216
mp-1541,0,216
mp-1222651,1,216
mp-5318,1,216
mp-1778,0,216
mp-15778,1,216
mp-820,0,216
mp-3726,1,216
mp-27608,1,216
mp-1206679,1,216
mp-1206717,1,216
mp-422,0,216
mp-1222610,1,216
mp-604453,1,216
mp-961687,1,216
mp-35841,1,216
mp-20411,0,216
mp-10623,1,216
mp-20012,0,216
mp-1222657,1,216
mp-10184,1,216
mp-961693,1,216
mp-4262,1,216
mp-2469,0,216
mp-11361,1,216
mp-31168,1,216
mp-30459,1,216
mp-30460,1,216
mp-2691,0,216
mp-5549,1,216
mp-29733,1,216
mp-30818,1,216
mp-2730,0,216
mp-15988,1,216
mp-567347,1,216
mp-30349,1,216
mp-1222613,1,216
mp-22913,0,216
mp-1093991,1,216
mp-30591,1,216
mp-5967,1,216
mp-13032,0,216
mp-5177,1,216
mp-2176,0,216
mp-2988,1,216
mp-36111,1,216
mp-1221252,1,216
mp-1222611,1,216
mp-1222607,1,216
mp-11520,1,216
mp-2935,1,216
mp-2534,0,216
mp-1100408,1,216
mp-1226720,1,216
mp-30344,1,216
mp-1222615,1,216
mp-2172,1,216
mp-8062,0,216
mp-37405,1,216
mp-1222650,1,216
mp-11621,1,216
mp-1479,0,216
mp-1222608,1,216
mp-16246,1,216
mp-22925,0,216
mp-3158,1,216
mp-1222604,1,216
mp-7173,1,216
mp-830,0,216
mp-30381,1,216
mp-1018136,1,216
mp-16329,1,216
mp-16376,1,216
mp-1222612,1,216
mp-12558,1,216
mp-1094088,1,216
mp-30403,1,216
mp-10182,1,216
mp-22895,1,216
mp-30847,1,216
mp-1986,0,216
mp-505297,1,216
mp-252,0,216
mp-1207082,1,216
mp-567636,1,216
mp-558992,1,216
mp-20305,1,216
mp-30392,1,216
mp-30816,1,216
mp-16343,1,216
mp-1222671,1,216
mp-31454,1,216
mp-31441,1,216
mp-961711,1,216
mp-1222647,1,216
mp-31451,1,216
mp-961673,1,216
mp-1222668,1,216
mp-1700,0,216
mp-21026,1,216
mp-7575,1,216
mp-1222648,1,216
mp-961682,1,216
mp-20389,1,216
mp-976181,1,216
mp-1222652,1,216
mp-27914,1,217
mp-15833,1,217
mp-18062,1,217
mp-569571,1,217
mp-755260,1,217
mp-8076,1,217
mp-4812,1,217
mp-30252,1,217
mp-8876,1,217
mp-9203,1,217
mp-561543,1,217
mp-30253,1,217
mp-557537,1,217
mp-9535,1,217
mp-10644,1,217
mp-14921,1,217
mp-8921,1,217
mp-7531,1,217
mp-6137,1,217
mp-17862,1,217
mp-984350,1,220
mp-17926,1,220
mp-11661,1,220
mp-13654,1,220
mp-861503,1,220
mp-1183655,0,221
mp-644203,0,221
mp-1020,0,221
mp-11358,0,221
mp-1094889,0,221
mp-11566,0,221
mp-1921,0,221
mp-1263,0,221
mp-5878,0,221
mp-11290,0,221
mp-632319,0,221
mp-21845,0,221
mp-862832,0,221
mp-23818,0,221
mp-1264,0,221
mp-1183995,0,221
mp-973342,0,221
mp-30867,0,221
mp-985586,0,221
mp-2092,0,221
mp-542569,0,221
mp-866199,0,221
mp-481,0,221
mp-2258,0,221
mp-7753,0,221
mp-2615,0,221
mp-21215,0,221
mp-11276,0,221
mp-1089,0,221
mp-734,0,221
mp-23159,0,221
mp-863257,0,221
mp-29342,0,221
mp-191,0,221
mp-1187257,0,221
mp-20263,0,221
mp-291,0,221
mp-2001,0,221
mp-11229,0,221
mp-21381,0,221
mp-7104,0,221
mp-977585,0,221
mp-861987,0,221
mp-11521,0,221
mp-1152,0,221
mp-1180,0,221
mp-11504,0,221
mp-2403,0,221
mp-11460,0,221
mp-8399,0,221
mp-863027,0,221
mp-20603,0,221
mp-953,0,221
mp-11388,0,221
mp-1471,0,221
mp-20582,0,221
mp-1039148,0,221
mp-214,0,221
mp-592,0,221
mp-973908,0,221
mp-10596,0,221
mp-11541,0,221
mp-21432,0,221
mp-1518,0,221
mp-21008,0,221
mp-2607,0,221
mp-2800,0,221
mp-11501,0,221
mp-2474,0,221
mp-999298,0,221
mp-2323,0,221
mp-11578,0,221
mp-22704,0,221
mp-30777,0,221
mp-23167,0,221
mp-973834,0,221
mp-828,0,221
mp-437,0,221
mp-1094670,0,221
mp-11256,0,221
mp-229,0,221
mp-265,0,221
mp-881,0,221
mp-863750,0,221
mp-1172,0,221
mp-1186970,0,221
mp-11522,0,221
mp-862816,0,221
mp-1104,0,221
mp-2012,0,221
mp-580357,0,221
mp-915,0,221
mp-1185846,0,221
mp-1885,0,221
mp-1184771,0,221
mp-20336,0,221
mp-1681,0,221
mp-1183627,0,221
mp-1014219,0,221
mp-11231,0,221
mp-861939,0,221
mp-976589,0,221
mp-1780,0,221
mp-1206636,0,221
mp-22320,0,221
mp-11575,0,221
mp-3448,0,221
mp-718,0,221
mp-569125,0,221
mp-305,0,221
mp-11473,0,221
mp-1017529,0,221
mp-974395,0,221
mp-2061,0,221
mp-674,0,221
mp-28171,0,221
mp-20214,0,221
mp-435,0,221
mp-862862,0,221
mp-635,0,221
mp-12593,0,221
mp-12798,0,221
mp-570276,0,221
mp-21289,0,221
mp-7604,0,221
mp-2434,0,221
mp-27294,0,221
mp-861931,0,221
mp-559,0,221
mp-364,0,221
mp-28069,0,221
mp-1027,0,221
mp-2802,0,221
mp-2027,0,221
mp-570428,0,221
mp-21482,0,221
mp-815,0,221
mp-1185786,0,221
mp-28593,0,221
mp-974370,0,221
mp-790,0,221
mp-506,0,221
mp-30858,0,221
mp-527,0,221
mp-22865,0,221
mp-2205,0,221
mp-899,0,221
mp-976599,0,221
mp-2564,0,221
mp-1018021,0,221
mp-20849,0,221
mp-1911,0,221
mp-2667,0,221
mp-978294,0,221
mp-861936,0,221
mp-11536,0,221
mp-1187243,0,221
mp-569775,0,221
mp-1094839,0,221
mp-20206,0,221
mp-1487,0,221
mp-2593,0,221
mp-1185,0,221
mp-823,0,221
mp-1073,0,221
mp-1408,0,221
mp-12585,0,221
mp-1948,0,221
mp-1186117,0,221
mp-30741,0,221
mp-284,0,221
mp-934,0,221
mp-11274,0,221
mp-633,0,221
mp-2515,0,221
mp-8402,0,221
mp-331,0,221
mp-11488,0,221
mp-1129,0,221
mp-902,0,221
mp-1206794,0,221
mp-11279,0,221
mp-2399,0,221
mp-1039147,0,221
mp-1187064,0,221
mp-1184703,0,221
mp-1169,0,221
mp-20729,0,221
mp-11286,0,221
mp-1007974,0,221
mp-3614,0,221
mp-1121,0,221
mp-11318,0,221
mp-30746,0,221
mp-10250,0,221
mp-1094768,0,221
mp-20225,0,221
mp-615,0,221
mp-1185427,0,221
mp-6938,0,221
mp-2516,0,221
mp-2658,0,221
mp-22906,0,221
mp-542,0,221
mp-30856,0,221
mp-376,0,221
mp-892,0,221
mp-776,0,221
mp-1188008,0,221
mp-976254,0,221
mp-22875,0,221
mp-2743,0,221
mp-984729,0,221
mp-1018054,0,221
mp-11237,0,221
mp-11452,0,221
mp-976847,0,221
mp-2197,0,221
mp-10890,0,221
mp-30825,0,221
mp-11248,0,221
mp-2677,0,221
mp-2393,0,221
mp-526,0,221
mp-20821,0,221
mp-20131,0,221
mp-862861,0,221
mp-1184768,0,221
mp-1339,0,221
mp-372,0,221
mp-1684,0,221
mp-1014230,0,221
mp-1033,0,221
mp-2426,0,221
mp-316,0,221
mp-866286,0,221
mp-861982,0,221
mp-2212,0,221
mp-11517,0,221
mp-568544,0,221
mp-1007656,0,221
mp-23302,0,221
mp-2773,0,221
mp-2444,0,221
mp-30496,0,221
mp-978844,0,221
mp-20941,0,221
mp-23737,0,221
mp-30373,0,221
mp-2509,0,221
mp-862864,0,221
mp-2573,0,221
mp-381,0,221
mp-982773,0,221
mp-983590,0,221
mp-23949,0,221
mp-2060,0,221
mp-862820,0,221
mp-2103,0,221
mp-213,0,221
mp-1008555,0,221
mp-973865,0,221
mp-11498,0,221
mp-11471,0,221
mp-20971,0,221
mp-1044,0,221
mp-12086,0,221
mp-1186985,0,221
mp-1174,0,221
mp-1211,0,221
mp-1018029,0,221
mp-932,0,221
mp-2179,0,221
mp-30468,0,221
mp-2696,0,221
mp-1185300,0,221
mp-20369,0,221
mp-20695,0,221
mp-11457,0,221
mp-11573,0,221
mp-1187452,0,221
mp-2781,0,221
mp-2861,0,221
mp-570223,0,221
mp-1186137,0,221
mp-11496,0,221
mp-862863,0,221
mp-11572,0,221
mp-12083,0,221
mp-2283,0,221
mp-2540,0,221
mp-979423,0,221
mp-11474,0,221
mp-1187105,0,221
mp-2126,0,221
mp-608,0,221
mp-2449,0,221
mp-1187151,0,221
mp-1185312,0,221
mp-1184558,0,221
mp-1183137,0,221
mp-1630,0,223
mp-2339,0,223
mp-729,0,223
mp-7226,0,223
mp-2354,0,223
mp-1213747,0,223
mp-494,0,223
mp-541,0,223
mp-20685,0,223
mp-1458,0,223
mp-1555,0,223
mp-416,0,223
mp-292,0,223
mp-1079796,0,223
mp-2377,0,223
mp-11263,0,223
mp-259,0,223
mp-30876,0,223
mp-1664,0,223
mp-2211,0,223
mp-1585,0,223
mp-1545,0,223
mp-1231,0,223
mp-21342,0,223
mp-1932,0,223
mp-2053,0,223
mp-1578,0,223
mp-1786,0,223
mp-30871,0,223
mp-1079399,0,223
mp-1609,0,223
mp-1275,0,223
mp-2006,0,223
mp-2663,0,223
mp-361,0,224
mp-947,0,224
mp-353,0,224
mp-865986,0,225
mp-492,0,225
mp-11247,0,225
mp-286,0,225
mp-2493,0,225
mp-1096,0,225
mp-2596,0,225
mp-573697,0,225
mp-568662,0,225
mp-5478,0,225
mp-21075,0,225
mp-1394,0,225
mp-23285,0,225
mp-1062676,0,225
mp-867168,0,225
mp-13800,0,225
mp-755421,0,225
mp-5077,0,225
mp-1753,0,225
mp-1476,0,225
mp-14038,0,225
mp-1009733,0,225
mp-2,0,225
mp-1057286,0,225
mp-27834,0,225
mp-865385,0,225
mp-23703,0,225
mp-1009755,0,225
mp-8217,0,225
mp-30,0,225
mp-6586,0,225
mp-10109,0,225
mp-979289,0,225
mp-2784,0,225
mp-1164,0,225
mp-22154,0,225
mp-23268,0,225
mp-994,0,225
mp-24208,0,225
mp-6204,0,225
mp-23259,0,225
mp-23222,0,225
mp-989400,0,225
mp-10679,0,225
mp-865648,0,225
mp-643279,0,225
mp-568560,0,225
mp-111,0,225
mp-24237,0,225
mp-1187702,0,225
mp-614603,0,225
mp-989577,0,225
mp-1183330,0,225
mp-23295,0,225
mp-1525,0,225
mp-2828,0,225
mp-22916,0,225
mp-10760,0,225
mp-23209,0,225
mp-2306,0,225
mp-126,0,225
mp-21084,0,225
mp-1022,0,225
mp-13898,0,225
mp-28828,0,225
mp-1093,0,225
mp-1161,0,225
mp-865101,0,225
mp-441,0,225
mp-22899,0,225
mp-1779,0,225
mp-862947,0,225
mp-1672,0,225
mp-697044,0,225
mp-1187196,0,225
mp-1029,0,225
mp-2352,0,225
mp-23060,0,225
mp-19962,0,225
mp-2082,0,225
mp-463,0,225
mp-989558,0,225
mp-315,0,225
mp-2807,0,225
mp-24411,0,225
mp-864984,0,225
mp-972071,0,225
mp-241,0,225
mp-697038,0,225
mp-10108,0,225
mp-10492,0,225
mp-570632,0,225
mp-24723,0,225
mp-2423,0,225
mp-976023,0,225
mp-641923,0,225
mp-862559,0,225
mp-2530,0,225
mp-974558,0,225
mp-22903,0,225
mp-2154,0,225
mp-2563,0,225
mp-7396,0,225
mp-6687,0,225
mp-984352,0,225
mp-10192,0,225
mp-1008833,0,225
mp-505569,0,225
mp-1153,0,225
mp-1132,0,225
mp-20194,0,225
mp-23155,0,225
mp-22867,0,225
mp-2343,0,225
mp-977434,0,225
mp-612118,0,225
mp-1009077,0,225
mp-1265,0,225
mp-1865,0,225
mp-2637,0,225
mp-2741,0,225
mp-22682,0,225
mp-504729,0,225
mp-2291,0,225
mp-580589,0,225
mp-27882,0,225
mp-1500,0,225
mp-7331,0,225
mp-24288,0,225
mp-1784,0,225
mp-15694,0,225
mp-867343,0,225
mp-638729,0,225
mp-10157,0,225
mp-985806,0,225
mp-23804,0,225
mp-989571,0,225
mp-933,0,225
mp-1185265,0,225
mp-81,0,225
mp-414,0,225
mp-76,0,225
mp-541097,0,225
mp-690785,0,225
mp-570379,0,225
mp-21879,0,225
mp-1253,0,225
mp-30062,0,225
mp-867226,0,225
mp-627,0,225
mp-24147,0,225
mp-13816,0,225
mp-8177,0,225
mp-2074,0,225
mp-14037,0,225
mp-14088,0,225
mp-1597,0,225
mp-865681,0,225
mp-1342,0,225
mp-981,0,225
mp-1186218,0,225
mp-27827,0,225
mp-1000,0,225
mp-2863,0,225
mp-22905,0,225
mp-2943,0,225
mp-977189,0,225
mp-2758,0,225
mp-1560,0,225
mp-867342,0,225
mp-11718,0,225
mp-1187206,0,225
mp-867227,0,225
mp-865280,0,225
mp-215,0,225
mp-989578,0,225
mp-3042,0,225
mp-989405,0,225
mp-22922,0,225
mp-23405,0,225
mp-982873,0,225
mp-9839,0,225
mp-74,0,225
mp-1960,0,225
mp-2605,0,225
mp-2776,0,225
mp-23231,0,225
mp-976256,0,225
mp-23059,0,225
mp-8041,0,225
mp-1415,0,225
mp-5033,0,225
mp-977390,0,225
mp-682,0,225
mp-23870,0,225
mp-15724,0,225
mp-1187203,0,225
mp-22186,0,225
mp-571222,0,225
mp-24721,0,225
mp-11327,0,225
mp-23067,0,225
mp-124,0,225
mp-1820,0,225
mp-862631,0,225
mp-13925,0,225
mp-27315,0,225
mp-611517,0,225
mp-834,0,225
mp-643243,0,225
mp-23350,0,225
mp-643,0,225
mp-1502,0,225
mp-2182,0,225
mp-20724,0,225
mp-560790,0,225
mp-1266,0,225
mp-16180,0,225
mp-28145,0,225
mp-549,0,225
mp-1187696,0,225
mp-8426,0,225
mp-503,0,225
mp-865382,0,225
mp-1352,0,225
mp-1183324,0,225
mp-866154,0,225
mp-408,0,225
mp-865907,0,225
mp-1674,0,225
mp-971,0,225
mp-561561,0,225
mp-569639,0,225
mp-1782,0,225
mp-931,0,225
mp-1958,0,225
mp-11489,0,225
mp-614456,0,225
mp-540957,0,225
mp-23425,0,225
mp-571102,0,225
mp-24287,0,225
mp-24153,0,225
mp-1747,0,225
mp-608555,0,225
mp-22095,0,225
mp-27828,0,225
mp-1186074,0,225
mp-102,0,225
mp-867192,0,225
mp-2018,0,225
mp-755556,0,225
mp-17838,0,225
mp-1094603,0,225
mp-989642,0,225
mp-2104,0,225
mp-2748,0,225
mp-19717,0,225
mp-2384,0,225
mp-1065,0,225
mp-989531,0,225
mp-22862,0,225
mp-2364,0,225
mp-2795,0,225
mp-989608,0,225
mp-2186,0,225
mp-24719,0,225
mp-1216,0,225
mp-24412,0,225
mp-2489,0,225
mp-8812,0,225
mp-343,0,225
mp-6231,0,225
mp-1569,0,225
mp-22926,0,225
mp-643101,0,225
mp-24154,0,225
mp-1206874,0,225
mp-27829,0,225
mp-1534,0,225
mp-2350,0,225
mp-567652,0,225
mp-2302,0,225
mp-134,0,225
mp-1087,0,225
mp-2472,0,225
mp-2083,0,225
mp-2732,0,225
mp-45,0,225
mp-387,0,225
mp-2616,0,225
mp-23657,0,225
mp-1751,0,225
mp-18451,0,225
mp-23241,0,225
mp-24722,0,225
mp-2052,0,225
mp-6270,0,225
mp-28,0,225
mp-989610,0,225
mp-27831,0,225
mp-10635,0,225
mp-27830,0,225
mp-1367,0,225
mp-1519,0,225
mp-29008,0,225
mp-24292,0,225
mp-4047,0,225
mp-1187197,0,225
mp-567580,0,225
mp-51,0,225
mp-22898,0,225
mp-24728,0,225
mp-865965,0,225
mp-9262,0,225
mp-1011695,0,225
mp-648,0,225
mp-23193,0,225
mp-2286,0,225
mp-23465,0,225
mp-29398,0,225
mp-23251,0,225
mp-866141,0,225
mp-30760,0,225
mp-101,0,225
mp-861937,0,225
mp-24650,0,225
mp-2143,0,225
mp-28022,0,225
mp-989561,0,225
mp-23406,0,225
mp-2379,0,225
mp-1138,0,225
mp-1315,0,225
mp-2495,0,225
mp-1798,0,225
mp-866121,0,225
mp-10688,0,225
mp-865735,0,225
mp-1009545,0,225
mp-631,0,225
mp-976412,0,225
mp-24084,0,225
mp-1186024,0,225
mp-2647,0,225
mp-550685,0,225
mp-14100,0,227
mp-813,0,227
mp-2708,0,227
mp-11151,0,227
mp-20493,0,227
mp-4284,0,227
mp-1038,0,227
mp-1189,0,227
mp-4842,0,227
mp-1383,0,227
mp-9765,0,227
mp-7831,0,227
mp-570113,0,227
mp-8269,0,227
mp-32,0,227
mp-778152,0,227
mp-754211,0,227
mp-35785,0,227
mp-5548,0,227
mp-23279,0,227
mp-36866,0,227
mp-756646,0,227
mp-755026,0,227
mp-548,0,227
mp-754942,0,227
mp-514,0,227
mp-1909,0,227
mp-3334,0,227
mp-4086,0,227
mp-15802,0,227
mp-1349,0,227
mp-4394,0,227
mp-6942,0,227
mp-769211,0,227
mp-747,0,227
mp-1638,0,227
mp-2271,0,227
mp-35249,0,227
mp-19803,0,227
mp-117,0,227
mp-755723,0,227
mp-23341,0,227
mp-1425,0,227
mp-2098,0,227
mp-3904,0,227
mp-333,0,227
mp-753692,0,227
mp-850,0,227
mp-570959,0,227
mp-755988,0,227
mp-3370,0,227
mp-754646,0,227
mp-22052,0,227
mp-2028,0,227
mp-14476,0,227
mp-754114,0,227
mp-755116,0,227
mp-2049,0,227
mp-755044,0,227
mp-4590,0,227
mp-1400,0,227
mp-16267,0,227
mp-559426,0,227
mp-559200,0,227
mp-30352,0,227
mp-4324,0,227
mp-13801,0,227
mp-756297,0,227
mp-24119,0,227
mp-760425,0,227
mp-12533,0,227
mp-14304,0,227
mp-15170,0,227
mp-581857,0,227
mp-675,0,227
mp-2908,0,227
mp-582,0,227
mp-10191,0,227
mp-16293,0,227
mp-2295,0,227
mp-9071,0,227
mp-5146,0,227
mp-833,0,227
mp-754381,0,227
mp-3930,0,227
mp-22766,0,227
mp-3443,0,227
mp-2206,0,227
mp-1183430,0,227
mp-756148,0,227
mp-752849,0,227
mp-819,0,227
mp-753815,0,227
mp-1185705,0,227
mp-755635,0,227
mp-755239,0,227
mp-14307,0,227
mp-17114,0,227
mp-540,0,227
mp-3807,0,227
mp-753418,0,227
mp-2749,0,227
mp-756347,0,227
mp-14026,0,227
mp-753414,0,227
mp-4991,0,227
mp-3688,0,227
mp-754302,0,227
mp-769222,0,227
mp-3041,0,227
mp-921,0,227
mp-769396,0,227
mp-973261,0,227
mp-10953,0,227
mp-1687,0,227
mp-756440,0,227
mp-5794,0,227
mp-570436,0,227
mp-2674,0,227
mp-754768,0,227
mp-14620,0,227
mp-22587,0,227
mp-22961,0,227
mp-3536,0,227
mp-842,0,227
mp-2363,0,227
mp-1187198,0,227
mp-20845,0,227
mp-1187860,0,227
mp-778114,0,227
mp-3319,0,227
mp-17972,0,227
mp-752411,0,227
mp-755558,0,227
mp-5977,0,227
mp-4408,0,227
mp-755375,0,227
mp-4974,0,227
mp-15803,0,227
mp-149,0,227
mp-3884,0,227
mp-253,0,227
mp-2883,0,227
mp-755450,0,227
mp-66,0,227
mp-9723,0,229
mp-91,0,229
mp-28734,0,229
mp-39,0,229
mp-979285,0,229
mp-58,0,229
mp-127,0,229
mp-129,0,229
mp-28167,0,229
mp-90,0,229
mp-75,0,229
mp-16137,0,229
mp-6799,0,229
mp-974400,0,229
mp-10811,0,229
mp-6273,0,229
